[
{"URL": "http://imdb.com/title/tt0111161/?pf_rd_m=A2FGELUUNOQJNL&pf_rd_p=2398042102&pf_rd_r=1J9ASDM62PN3VY1W42JH&pf_rd_s=center-1&pf_rd_t=15506&pf_rd_i=top&ref_=chttp_tt_1", "Rating": "9.2", "Movie_Rank": "1", "Release_Year": "(1994)", "Title": "The Shawshank Redemption"},
{"URL": "http://imdb.com/title/tt0068646/?pf_rd_m=A2FGELUUNOQJNL&pf_rd_p=2398042102&pf_rd_r=1J9ASDM62PN3VY1W42JH&pf_rd_s=center-1&pf_rd_t=15506&pf_rd_i=top&ref_=chttp_tt_2", "Rating": "9.2", "Movie_Rank": "2", "Release_Year": "(1972)", "Title": "The Godfather"},
{"URL": "http://imdb.com/title/tt0071562/?pf_rd_m=A2FGELUUNOQJNL&pf_rd_p=2398042102&pf_rd_r=1J9ASDM62PN3VY1W42JH&pf_rd_s=center-1&pf_rd_t=15506&pf_rd_i=top&ref_=chttp_tt_3", "Rating": "9.0", "Movie_Rank": "3", "Release_Year": "(1974)", "Title": "The Godfather: Part II"},
{"URL": "http://imdb.com/title/tt0468569/?pf_rd_m=A2FGELUUNOQJNL&pf_rd_p=2398042102&pf_rd_r=1J9ASDM62PN3VY1W42JH&pf_rd_s=center-1&pf_rd_t=15506&pf_rd_i=top&ref_=chttp_tt_4", "Rating": "9.0", "Movie_Rank": "4", "Release_Year": "(2008)", "Title": "The Dark Knight"},
{"URL": "http://imdb.com/title/tt0050083/?pf_rd_m=A2FGELUUNOQJNL&pf_rd_p=2398042102&pf_rd_r=1J9ASDM62PN3VY1W42JH&pf_rd_s=center-1&pf_rd_t=15506&pf_rd_i=top&ref_=chttp_tt_5", "Rating": "8.9", "Movie_Rank": "5", "Release_Year": "(1957)", "Title": "12 Angry Men"},
{"URL": "http://imdb.com/title/tt0108052/?pf_rd_m=A2FGELUUNOQJNL&pf_rd_p=2398042102&pf_rd_r=1J9ASDM62PN3VY1W42JH&pf_rd_s=center-1&pf_rd_t=15506&pf_rd_i=top&ref_=chttp_tt_6", "Rating": "8.9", "Movie_Rank": "6", "Release_Year": "(1993)", "Title": "Schindler's List"},
{"URL": "http://imdb.com/title/tt0110912/?pf_rd_m=A2FGELUUNOQJNL&pf_rd_p=2398042102&pf_rd_r=1J9ASDM62PN3VY1W42JH&pf_rd_s=center-1&pf_rd_t=15506&pf_rd_i=top&ref_=chttp_tt_7", "Rating": "8.9", "Movie_Rank": "7", "Release_Year": "(1994)", "Title": "Pulp Fiction"},
{"URL": "http://imdb.com/title/tt0167260/?pf_rd_m=A2FGELUUNOQJNL&pf_rd_p=2398042102&pf_rd_r=1J9ASDM62PN3VY1W42JH&pf_rd_s=center-1&pf_rd_t=15506&pf_rd_i=top&ref_=chttp_tt_8", "Rating": "8.9", "Movie_Rank": "8", "Release_Year": "(2003)", "Title": "The Lord of the Rings: The Return of the King"},
{"URL": "http://imdb.com/title/tt0060196/?pf_rd_m=A2FGELUUNOQJNL&pf_rd_p=2398042102&pf_rd_r=1J9ASDM62PN3VY1W42JH&pf_rd_s=center-1&pf_rd_t=15506&pf_rd_i=top&ref_=chttp_tt_9", "Rating": "8.8", "Movie_Rank": "9", "Release_Year": "(1966)", "Title": "The Good, the Bad and the Ugly"},
{"URL": "http://imdb.com/title/tt0137523/?pf_rd_m=A2FGELUUNOQJNL&pf_rd_p=2398042102&pf_rd_r=1J9ASDM62PN3VY1W42JH&pf_rd_s=center-1&pf_rd_t=15506&pf_rd_i=top&ref_=chttp_tt_10", "Rating": "8.8", "Movie_Rank": "10", "Release_Year": "(1999)", "Title": "Fight Club"},
{"URL": "http://imdb.com/title/tt0120737/?pf_rd_m=A2FGELUUNOQJNL&pf_rd_p=2398042102&pf_rd_r=1J9ASDM62PN3VY1W42JH&pf_rd_s=center-1&pf_rd_t=15506&pf_rd_i=top&ref_=chttp_tt_11", "Rating": "8.8", "Movie_Rank": "11", "Release_Year": "(2001)", "Title": "The Lord of the Rings: The Fellowship of the Ring"},
{"URL": "http://imdb.com/title/tt0109830/?pf_rd_m=A2FGELUUNOQJNL&pf_rd_p=2398042102&pf_rd_r=1J9ASDM62PN3VY1W42JH&pf_rd_s=center-1&pf_rd_t=15506&pf_rd_i=top&ref_=chttp_tt_12", "Rating": "8.7", "Movie_Rank": "12", "Release_Year": "(1994)", "Title": "Forrest Gump"},
{"URL": "http://imdb.com/title/tt0080684/?pf_rd_m=A2FGELUUNOQJNL&pf_rd_p=2398042102&pf_rd_r=1J9ASDM62PN3VY1W42JH&pf_rd_s=center-1&pf_rd_t=15506&pf_rd_i=top&ref_=chttp_tt_13", "Rating": "8.7", "Movie_Rank": "13", "Release_Year": "(1980)", "Title": "Star Wars: Episode V - The Empire Strikes Back"},
{"URL": "http://imdb.com/title/tt1375666/?pf_rd_m=A2FGELUUNOQJNL&pf_rd_p=2398042102&pf_rd_r=1J9ASDM62PN3VY1W42JH&pf_rd_s=center-1&pf_rd_t=15506&pf_rd_i=top&ref_=chttp_tt_14", "Rating": "8.7", "Movie_Rank": "14", "Release_Year": "(2010)", "Title": "Inception"},
{"URL": "http://imdb.com/title/tt0167261/?pf_rd_m=A2FGELUUNOQJNL&pf_rd_p=2398042102&pf_rd_r=1J9ASDM62PN3VY1W42JH&pf_rd_s=center-1&pf_rd_t=15506&pf_rd_i=top&ref_=chttp_tt_15", "Rating": "8.7", "Movie_Rank": "15", "Release_Year": "(2002)", "Title": "The Lord of the Rings: The Two Towers"},
{"URL": "http://imdb.com/title/tt0073486/?pf_rd_m=A2FGELUUNOQJNL&pf_rd_p=2398042102&pf_rd_r=1J9ASDM62PN3VY1W42JH&pf_rd_s=center-1&pf_rd_t=15506&pf_rd_i=top&ref_=chttp_tt_16", "Rating": "8.7", "Movie_Rank": "16", "Release_Year": "(1975)", "Title": "One Flew Over the Cuckoo's Nest"},
{"URL": "http://imdb.com/title/tt0099685/?pf_rd_m=A2FGELUUNOQJNL&pf_rd_p=2398042102&pf_rd_r=1J9ASDM62PN3VY1W42JH&pf_rd_s=center-1&pf_rd_t=15506&pf_rd_i=top&ref_=chttp_tt_17", "Rating": "8.7", "Movie_Rank": "17", "Release_Year": "(1990)", "Title": "Goodfellas"},
{"URL": "http://imdb.com/title/tt0133093/?pf_rd_m=A2FGELUUNOQJNL&pf_rd_p=2398042102&pf_rd_r=1J9ASDM62PN3VY1W42JH&pf_rd_s=center-1&pf_rd_t=15506&pf_rd_i=top&ref_=chttp_tt_18", "Rating": "8.7", "Movie_Rank": "18", "Release_Year": "(1999)", "Title": "The Matrix"},
{"URL": "http://imdb.com/title/tt0047478/?pf_rd_m=A2FGELUUNOQJNL&pf_rd_p=2398042102&pf_rd_r=1J9ASDM62PN3VY1W42JH&pf_rd_s=center-1&pf_rd_t=15506&pf_rd_i=top&ref_=chttp_tt_19", "Rating": "8.6", "Movie_Rank": "19", "Release_Year": "(1954)", "Title": "Seven Samurai"},
{"URL": "http://imdb.com/title/tt0076759/?pf_rd_m=A2FGELUUNOQJNL&pf_rd_p=2398042102&pf_rd_r=1J9ASDM62PN3VY1W42JH&pf_rd_s=center-1&pf_rd_t=15506&pf_rd_i=top&ref_=chttp_tt_20", "Rating": "8.6", "Movie_Rank": "20", "Release_Year": "(1977)", "Title": "Star Wars: Episode IV - A New Hope"},
{"URL": "http://imdb.com/title/tt0317248/?pf_rd_m=A2FGELUUNOQJNL&pf_rd_p=2398042102&pf_rd_r=1J9ASDM62PN3VY1W42JH&pf_rd_s=center-1&pf_rd_t=15506&pf_rd_i=top&ref_=chttp_tt_21", "Rating": "8.6", "Movie_Rank": "21", "Release_Year": "(2002)", "Title": "City of God"},
{"URL": "http://imdb.com/title/tt0114369/?pf_rd_m=A2FGELUUNOQJNL&pf_rd_p=2398042102&pf_rd_r=1J9ASDM62PN3VY1W42JH&pf_rd_s=center-1&pf_rd_t=15506&pf_rd_i=top&ref_=chttp_tt_22", "Rating": "8.6", "Movie_Rank": "22", "Release_Year": "(1995)", "Title": "Se7en"},
{"URL": "http://imdb.com/title/tt0102926/?pf_rd_m=A2FGELUUNOQJNL&pf_rd_p=2398042102&pf_rd_r=1J9ASDM62PN3VY1W42JH&pf_rd_s=center-1&pf_rd_t=15506&pf_rd_i=top&ref_=chttp_tt_23", "Rating": "8.6", "Movie_Rank": "23", "Release_Year": "(1991)", "Title": "The Silence of the Lambs"},
{"URL": "http://imdb.com/title/tt0038650/?pf_rd_m=A2FGELUUNOQJNL&pf_rd_p=2398042102&pf_rd_r=1J9ASDM62PN3VY1W42JH&pf_rd_s=center-1&pf_rd_t=15506&pf_rd_i=top&ref_=chttp_tt_24", "Rating": "8.6", "Movie_Rank": "24", "Release_Year": "(1946)", "Title": "It's a Wonderful Life"},
{"URL": "http://imdb.com/title/tt0118799/?pf_rd_m=A2FGELUUNOQJNL&pf_rd_p=2398042102&pf_rd_r=1J9ASDM62PN3VY1W42JH&pf_rd_s=center-1&pf_rd_t=15506&pf_rd_i=top&ref_=chttp_tt_25", "Rating": "8.6", "Movie_Rank": "25", "Release_Year": "(1997)", "Title": "Life Is Beautiful"},
{"URL": "http://imdb.com/title/tt0114814/?pf_rd_m=A2FGELUUNOQJNL&pf_rd_p=2398042102&pf_rd_r=1J9ASDM62PN3VY1W42JH&pf_rd_s=center-1&pf_rd_t=15506&pf_rd_i=top&ref_=chttp_tt_26", "Rating": "8.6", "Movie_Rank": "26", "Release_Year": "(1995)", "Title": "The Usual Suspects"},
{"URL": "http://imdb.com/title/tt0110413/?pf_rd_m=A2FGELUUNOQJNL&pf_rd_p=2398042102&pf_rd_r=1J9ASDM62PN3VY1W42JH&pf_rd_s=center-1&pf_rd_t=15506&pf_rd_i=top&ref_=chttp_tt_27", "Rating": "8.5", "Movie_Rank": "27", "Release_Year": "(1994)", "Title": "L\u00e9on: The Professional"},
{"URL": "http://imdb.com/title/tt0120815/?pf_rd_m=A2FGELUUNOQJNL&pf_rd_p=2398042102&pf_rd_r=1J9ASDM62PN3VY1W42JH&pf_rd_s=center-1&pf_rd_t=15506&pf_rd_i=top&ref_=chttp_tt_28", "Rating": "8.5", "Movie_Rank": "28", "Release_Year": "(1998)", "Title": "Saving Private Ryan"},
{"URL": "http://imdb.com/title/tt0245429/?pf_rd_m=A2FGELUUNOQJNL&pf_rd_p=2398042102&pf_rd_r=1J9ASDM62PN3VY1W42JH&pf_rd_s=center-1&pf_rd_t=15506&pf_rd_i=top&ref_=chttp_tt_29", "Rating": "8.5", "Movie_Rank": "29", "Release_Year": "(2001)", "Title": "Spirited Away"},
{"URL": "http://imdb.com/title/tt0064116/?pf_rd_m=A2FGELUUNOQJNL&pf_rd_p=2398042102&pf_rd_r=1J9ASDM62PN3VY1W42JH&pf_rd_s=center-1&pf_rd_t=15506&pf_rd_i=top&ref_=chttp_tt_30", "Rating": "8.5", "Movie_Rank": "30", "Release_Year": "(1968)", "Title": "Once Upon a Time in the West"},
{"URL": "http://imdb.com/title/tt0120586/?pf_rd_m=A2FGELUUNOQJNL&pf_rd_p=2398042102&pf_rd_r=1J9ASDM62PN3VY1W42JH&pf_rd_s=center-1&pf_rd_t=15506&pf_rd_i=top&ref_=chttp_tt_31", "Rating": "8.5", "Movie_Rank": "31", "Release_Year": "(1998)", "Title": "American History X"},
{"URL": "http://imdb.com/title/tt0816692/?pf_rd_m=A2FGELUUNOQJNL&pf_rd_p=2398042102&pf_rd_r=1J9ASDM62PN3VY1W42JH&pf_rd_s=center-1&pf_rd_t=15506&pf_rd_i=top&ref_=chttp_tt_32", "Rating": "8.5", "Movie_Rank": "32", "Release_Year": "(2014)", "Title": "Interstellar"},
{"URL": "http://imdb.com/title/tt0054215/?pf_rd_m=A2FGELUUNOQJNL&pf_rd_p=2398042102&pf_rd_r=1J9ASDM62PN3VY1W42JH&pf_rd_s=center-1&pf_rd_t=15506&pf_rd_i=top&ref_=chttp_tt_33", "Rating": "8.5", "Movie_Rank": "33", "Release_Year": "(1960)", "Title": "Psycho"},
{"URL": "http://imdb.com/title/tt0034583/?pf_rd_m=A2FGELUUNOQJNL&pf_rd_p=2398042102&pf_rd_r=1J9ASDM62PN3VY1W42JH&pf_rd_s=center-1&pf_rd_t=15506&pf_rd_i=top&ref_=chttp_tt_34", "Rating": "8.5", "Movie_Rank": "34", "Release_Year": "(1942)", "Title": "Casablanca"},
{"URL": "http://imdb.com/title/tt0021749/?pf_rd_m=A2FGELUUNOQJNL&pf_rd_p=2398042102&pf_rd_r=1J9ASDM62PN3VY1W42JH&pf_rd_s=center-1&pf_rd_t=15506&pf_rd_i=top&ref_=chttp_tt_35", "Rating": "8.5", "Movie_Rank": "35", "Release_Year": "(1931)", "Title": "City Lights"},
{"URL": "http://imdb.com/title/tt0120689/?pf_rd_m=A2FGELUUNOQJNL&pf_rd_p=2398042102&pf_rd_r=1J9ASDM62PN3VY1W42JH&pf_rd_s=center-1&pf_rd_t=15506&pf_rd_i=top&ref_=chttp_tt_36", "Rating": "8.5", "Movie_Rank": "36", "Release_Year": "(1999)", "Title": "The Green Mile"},
{"URL": "http://imdb.com/title/tt1675434/?pf_rd_m=A2FGELUUNOQJNL&pf_rd_p=2398042102&pf_rd_r=1J9ASDM62PN3VY1W42JH&pf_rd_s=center-1&pf_rd_t=15506&pf_rd_i=top&ref_=chttp_tt_37", "Rating": "8.5", "Movie_Rank": "37", "Release_Year": "(2011)", "Title": "The Intouchables"},
{"URL": "http://imdb.com/title/tt0027977/?pf_rd_m=A2FGELUUNOQJNL&pf_rd_p=2398042102&pf_rd_r=1J9ASDM62PN3VY1W42JH&pf_rd_s=center-1&pf_rd_t=15506&pf_rd_i=top&ref_=chttp_tt_38", "Rating": "8.5", "Movie_Rank": "38", "Release_Year": "(1936)", "Title": "Modern Times"},
{"URL": "http://imdb.com/title/tt0082971/?pf_rd_m=A2FGELUUNOQJNL&pf_rd_p=2398042102&pf_rd_r=1J9ASDM62PN3VY1W42JH&pf_rd_s=center-1&pf_rd_t=15506&pf_rd_i=top&ref_=chttp_tt_39", "Rating": "8.5", "Movie_Rank": "39", "Release_Year": "(1981)", "Title": "Raiders of the Lost Ark"},
{"URL": "http://imdb.com/title/tt0047396/?pf_rd_m=A2FGELUUNOQJNL&pf_rd_p=2398042102&pf_rd_r=1J9ASDM62PN3VY1W42JH&pf_rd_s=center-1&pf_rd_t=15506&pf_rd_i=top&ref_=chttp_tt_40", "Rating": "8.5", "Movie_Rank": "40", "Release_Year": "(1954)", "Title": "Rear Window"},
{"URL": "http://imdb.com/title/tt0253474/?pf_rd_m=A2FGELUUNOQJNL&pf_rd_p=2398042102&pf_rd_r=1J9ASDM62PN3VY1W42JH&pf_rd_s=center-1&pf_rd_t=15506&pf_rd_i=top&ref_=chttp_tt_41", "Rating": "8.5", "Movie_Rank": "41", "Release_Year": "(2002)", "Title": "The Pianist"},
{"URL": "http://imdb.com/title/tt0407887/?pf_rd_m=A2FGELUUNOQJNL&pf_rd_p=2398042102&pf_rd_r=1J9ASDM62PN3VY1W42JH&pf_rd_s=center-1&pf_rd_t=15506&pf_rd_i=top&ref_=chttp_tt_42", "Rating": "8.5", "Movie_Rank": "42", "Release_Year": "(2006)", "Title": "The Departed"},
{"URL": "http://imdb.com/title/tt0103064/?pf_rd_m=A2FGELUUNOQJNL&pf_rd_p=2398042102&pf_rd_r=1J9ASDM62PN3VY1W42JH&pf_rd_s=center-1&pf_rd_t=15506&pf_rd_i=top&ref_=chttp_tt_43", "Rating": "8.5", "Movie_Rank": "43", "Release_Year": "(1991)", "Title": "Terminator 2: Judgment Day"},
{"URL": "http://imdb.com/title/tt0088763/?pf_rd_m=A2FGELUUNOQJNL&pf_rd_p=2398042102&pf_rd_r=1J9ASDM62PN3VY1W42JH&pf_rd_s=center-1&pf_rd_t=15506&pf_rd_i=top&ref_=chttp_tt_44", "Rating": "8.5", "Movie_Rank": "44", "Release_Year": "(1985)", "Title": "Back to the Future"},
{"URL": "http://imdb.com/title/tt2582802/?pf_rd_m=A2FGELUUNOQJNL&pf_rd_p=2398042102&pf_rd_r=1J9ASDM62PN3VY1W42JH&pf_rd_s=center-1&pf_rd_t=15506&pf_rd_i=top&ref_=chttp_tt_45", "Rating": "8.5", "Movie_Rank": "45", "Release_Year": "(2014)", "Title": "Whiplash"},
{"URL": "http://imdb.com/title/tt0172495/?pf_rd_m=A2FGELUUNOQJNL&pf_rd_p=2398042102&pf_rd_r=1J9ASDM62PN3VY1W42JH&pf_rd_s=center-1&pf_rd_t=15506&pf_rd_i=top&ref_=chttp_tt_46", "Rating": "8.5", "Movie_Rank": "46", "Release_Year": "(2000)", "Title": "Gladiator"},
{"URL": "http://imdb.com/title/tt0209144/?pf_rd_m=A2FGELUUNOQJNL&pf_rd_p=2398042102&pf_rd_r=1J9ASDM62PN3VY1W42JH&pf_rd_s=center-1&pf_rd_t=15506&pf_rd_i=top&ref_=chttp_tt_47", "Rating": "8.5", "Movie_Rank": "47", "Release_Year": "(2000)", "Title": "Memento"},
{"URL": "http://imdb.com/title/tt0482571/?pf_rd_m=A2FGELUUNOQJNL&pf_rd_p=2398042102&pf_rd_r=1J9ASDM62PN3VY1W42JH&pf_rd_s=center-1&pf_rd_t=15506&pf_rd_i=top&ref_=chttp_tt_48", "Rating": "8.5", "Movie_Rank": "48", "Release_Year": "(2006)", "Title": "The Prestige"},
{"URL": "http://imdb.com/title/tt0110357/?pf_rd_m=A2FGELUUNOQJNL&pf_rd_p=2398042102&pf_rd_r=1J9ASDM62PN3VY1W42JH&pf_rd_s=center-1&pf_rd_t=15506&pf_rd_i=top&ref_=chttp_tt_49", "Rating": "8.5", "Movie_Rank": "49", "Release_Year": "(1994)", "Title": "The Lion King"},
{"URL": "http://imdb.com/title/tt0078788/?pf_rd_m=A2FGELUUNOQJNL&pf_rd_p=2398042102&pf_rd_r=1J9ASDM62PN3VY1W42JH&pf_rd_s=center-1&pf_rd_t=15506&pf_rd_i=top&ref_=chttp_tt_50", "Rating": "8.5", "Movie_Rank": "50", "Release_Year": "(1979)", "Title": "Apocalypse Now"},
{"URL": "http://imdb.com/title/tt0078748/?pf_rd_m=A2FGELUUNOQJNL&pf_rd_p=2398042102&pf_rd_r=1J9ASDM62PN3VY1W42JH&pf_rd_s=center-1&pf_rd_t=15506&pf_rd_i=top&ref_=chttp_tt_51", "Rating": "8.4", "Movie_Rank": "51", "Release_Year": "(1979)", "Title": "Alien"},
{"URL": "http://imdb.com/title/tt0043014/?pf_rd_m=A2FGELUUNOQJNL&pf_rd_p=2398042102&pf_rd_r=1J9ASDM62PN3VY1W42JH&pf_rd_s=center-1&pf_rd_t=15506&pf_rd_i=top&ref_=chttp_tt_52", "Rating": "8.4", "Movie_Rank": "52", "Release_Year": "(1950)", "Title": "Sunset Boulevard"},
{"URL": "http://imdb.com/title/tt0057012/?pf_rd_m=A2FGELUUNOQJNL&pf_rd_p=2398042102&pf_rd_r=1J9ASDM62PN3VY1W42JH&pf_rd_s=center-1&pf_rd_t=15506&pf_rd_i=top&ref_=chttp_tt_53", "Rating": "8.4", "Movie_Rank": "53", "Release_Year": "(1964)", "Title": "Dr. Strangelove or: How I Learned to Stop Worrying and Love the Bomb"},
{"URL": "http://imdb.com/title/tt0032553/?pf_rd_m=A2FGELUUNOQJNL&pf_rd_p=2398042102&pf_rd_r=1J9ASDM62PN3VY1W42JH&pf_rd_s=center-1&pf_rd_t=15506&pf_rd_i=top&ref_=chttp_tt_54", "Rating": "8.4", "Movie_Rank": "54", "Release_Year": "(1940)", "Title": "The Great Dictator"},
{"URL": "http://imdb.com/title/tt0095765/?pf_rd_m=A2FGELUUNOQJNL&pf_rd_p=2398042102&pf_rd_r=1J9ASDM62PN3VY1W42JH&pf_rd_s=center-1&pf_rd_t=15506&pf_rd_i=top&ref_=chttp_tt_55", "Rating": "8.4", "Movie_Rank": "55", "Release_Year": "(1988)", "Title": "Cinema Paradiso"},
{"URL": "http://imdb.com/title/tt0405094/?pf_rd_m=A2FGELUUNOQJNL&pf_rd_p=2398042102&pf_rd_r=1J9ASDM62PN3VY1W42JH&pf_rd_s=center-1&pf_rd_t=15506&pf_rd_i=top&ref_=chttp_tt_56", "Rating": "8.4", "Movie_Rank": "56", "Release_Year": "(2006)", "Title": "The Lives of Others"},
{"URL": "http://imdb.com/title/tt0095327/?pf_rd_m=A2FGELUUNOQJNL&pf_rd_p=2398042102&pf_rd_r=1J9ASDM62PN3VY1W42JH&pf_rd_s=center-1&pf_rd_t=15506&pf_rd_i=top&ref_=chttp_tt_57", "Rating": "8.4", "Movie_Rank": "57", "Release_Year": "(1988)", "Title": "Grave of the Fireflies"},
{"URL": "http://imdb.com/title/tt0050825/?pf_rd_m=A2FGELUUNOQJNL&pf_rd_p=2398042102&pf_rd_r=1J9ASDM62PN3VY1W42JH&pf_rd_s=center-1&pf_rd_t=15506&pf_rd_i=top&ref_=chttp_tt_58", "Rating": "8.4", "Movie_Rank": "58", "Release_Year": "(1957)", "Title": "Paths of Glory"},
{"URL": "http://imdb.com/title/tt1853728/?pf_rd_m=A2FGELUUNOQJNL&pf_rd_p=2398042102&pf_rd_r=1J9ASDM62PN3VY1W42JH&pf_rd_s=center-1&pf_rd_t=15506&pf_rd_i=top&ref_=chttp_tt_59", "Rating": "8.4", "Movie_Rank": "59", "Release_Year": "(2012)", "Title": "Django Unchained"},
{"URL": "http://imdb.com/title/tt0081505/?pf_rd_m=A2FGELUUNOQJNL&pf_rd_p=2398042102&pf_rd_r=1J9ASDM62PN3VY1W42JH&pf_rd_s=center-1&pf_rd_t=15506&pf_rd_i=top&ref_=chttp_tt_60", "Rating": "8.4", "Movie_Rank": "60", "Release_Year": "(1980)", "Title": "The Shining"},
{"URL": "http://imdb.com/title/tt0910970/?pf_rd_m=A2FGELUUNOQJNL&pf_rd_p=2398042102&pf_rd_r=1J9ASDM62PN3VY1W42JH&pf_rd_s=center-1&pf_rd_t=15506&pf_rd_i=top&ref_=chttp_tt_61", "Rating": "8.4", "Movie_Rank": "61", "Release_Year": "(2008)", "Title": "WALL\u00b7E"},
{"URL": "http://imdb.com/title/tt0169547/?pf_rd_m=A2FGELUUNOQJNL&pf_rd_p=2398042102&pf_rd_r=1J9ASDM62PN3VY1W42JH&pf_rd_s=center-1&pf_rd_t=15506&pf_rd_i=top&ref_=chttp_tt_62", "Rating": "8.4", "Movie_Rank": "62", "Release_Year": "(1999)", "Title": "American Beauty"},
{"URL": "http://imdb.com/title/tt1345836/?pf_rd_m=A2FGELUUNOQJNL&pf_rd_p=2398042102&pf_rd_r=1J9ASDM62PN3VY1W42JH&pf_rd_s=center-1&pf_rd_t=15506&pf_rd_i=top&ref_=chttp_tt_63", "Rating": "8.4", "Movie_Rank": "63", "Release_Year": "(2012)", "Title": "The Dark Knight Rises"},
{"URL": "http://imdb.com/title/tt0119698/?pf_rd_m=A2FGELUUNOQJNL&pf_rd_p=2398042102&pf_rd_r=1J9ASDM62PN3VY1W42JH&pf_rd_s=center-1&pf_rd_t=15506&pf_rd_i=top&ref_=chttp_tt_64", "Rating": "8.4", "Movie_Rank": "64", "Release_Year": "(1997)", "Title": "Princess Mononoke"},
{"URL": "http://imdb.com/title/tt0090605/?pf_rd_m=A2FGELUUNOQJNL&pf_rd_p=2398042102&pf_rd_r=1J9ASDM62PN3VY1W42JH&pf_rd_s=center-1&pf_rd_t=15506&pf_rd_i=top&ref_=chttp_tt_65", "Rating": "8.4", "Movie_Rank": "65", "Release_Year": "(1986)", "Title": "Aliens"},
{"URL": "http://imdb.com/title/tt0364569/?pf_rd_m=A2FGELUUNOQJNL&pf_rd_p=2398042102&pf_rd_r=1J9ASDM62PN3VY1W42JH&pf_rd_s=center-1&pf_rd_t=15506&pf_rd_i=top&ref_=chttp_tt_66", "Rating": "8.4", "Movie_Rank": "66", "Release_Year": "(2003)", "Title": "Oldboy"},
{"URL": "http://imdb.com/title/tt0087843/?pf_rd_m=A2FGELUUNOQJNL&pf_rd_p=2398042102&pf_rd_r=1J9ASDM62PN3VY1W42JH&pf_rd_s=center-1&pf_rd_t=15506&pf_rd_i=top&ref_=chttp_tt_67", "Rating": "8.4", "Movie_Rank": "67", "Release_Year": "(1984)", "Title": "Once Upon a Time in America"},
{"URL": "http://imdb.com/title/tt0051201/?pf_rd_m=A2FGELUUNOQJNL&pf_rd_p=2398042102&pf_rd_r=1J9ASDM62PN3VY1W42JH&pf_rd_s=center-1&pf_rd_t=15506&pf_rd_i=top&ref_=chttp_tt_68", "Rating": "8.3", "Movie_Rank": "68", "Release_Year": "(1957)", "Title": "Witness for the Prosecution"},
{"URL": "http://imdb.com/title/tt0082096/?pf_rd_m=A2FGELUUNOQJNL&pf_rd_p=2398042102&pf_rd_r=1J9ASDM62PN3VY1W42JH&pf_rd_s=center-1&pf_rd_t=15506&pf_rd_i=top&ref_=chttp_tt_69", "Rating": "8.3", "Movie_Rank": "69", "Release_Year": "(1981)", "Title": "Das Boot"},
{"URL": "http://imdb.com/title/tt0033467/?pf_rd_m=A2FGELUUNOQJNL&pf_rd_p=2398042102&pf_rd_r=1J9ASDM62PN3VY1W42JH&pf_rd_s=center-1&pf_rd_t=15506&pf_rd_i=top&ref_=chttp_tt_70", "Rating": "8.3", "Movie_Rank": "70", "Release_Year": "(1941)", "Title": "Citizen Kane"},
{"URL": "http://imdb.com/title/tt5074352/?pf_rd_m=A2FGELUUNOQJNL&pf_rd_p=2398042102&pf_rd_r=1J9ASDM62PN3VY1W42JH&pf_rd_s=center-1&pf_rd_t=15506&pf_rd_i=top&ref_=chttp_tt_71", "Rating": "8.3", "Movie_Rank": "71", "Release_Year": "(2016)", "Title": "Dangal"},
{"URL": "http://imdb.com/title/tt0052357/?pf_rd_m=A2FGELUUNOQJNL&pf_rd_p=2398042102&pf_rd_r=1J9ASDM62PN3VY1W42JH&pf_rd_s=center-1&pf_rd_t=15506&pf_rd_i=top&ref_=chttp_tt_72", "Rating": "8.3", "Movie_Rank": "72", "Release_Year": "(1958)", "Title": "Vertigo"},
{"URL": "http://imdb.com/title/tt0053125/?pf_rd_m=A2FGELUUNOQJNL&pf_rd_p=2398042102&pf_rd_r=1J9ASDM62PN3VY1W42JH&pf_rd_s=center-1&pf_rd_t=15506&pf_rd_i=top&ref_=chttp_tt_73", "Rating": "8.3", "Movie_Rank": "73", "Release_Year": "(1959)", "Title": "North by Northwest"},
{"URL": "http://imdb.com/title/tt0086190/?pf_rd_m=A2FGELUUNOQJNL&pf_rd_p=2398042102&pf_rd_r=1J9ASDM62PN3VY1W42JH&pf_rd_s=center-1&pf_rd_t=15506&pf_rd_i=top&ref_=chttp_tt_74", "Rating": "8.3", "Movie_Rank": "74", "Release_Year": "(1983)", "Title": "Star Wars: Episode VI - Return of the Jedi"},
{"URL": "http://imdb.com/title/tt0105236/?pf_rd_m=A2FGELUUNOQJNL&pf_rd_p=2398042102&pf_rd_r=1J9ASDM62PN3VY1W42JH&pf_rd_s=center-1&pf_rd_t=15506&pf_rd_i=top&ref_=chttp_tt_75", "Rating": "8.3", "Movie_Rank": "75", "Release_Year": "(1992)", "Title": "Reservoir Dogs"},
{"URL": "http://imdb.com/title/tt0112573/?pf_rd_m=A2FGELUUNOQJNL&pf_rd_p=2398042102&pf_rd_r=1J9ASDM62PN3VY1W42JH&pf_rd_s=center-1&pf_rd_t=15506&pf_rd_i=top&ref_=chttp_tt_76", "Rating": "8.3", "Movie_Rank": "76", "Release_Year": "(1995)", "Title": "Braveheart"},
{"URL": "http://imdb.com/title/tt0022100/?pf_rd_m=A2FGELUUNOQJNL&pf_rd_p=2398042102&pf_rd_r=1J9ASDM62PN3VY1W42JH&pf_rd_s=center-1&pf_rd_t=15506&pf_rd_i=top&ref_=chttp_tt_77", "Rating": "8.3", "Movie_Rank": "77", "Release_Year": "(1931)", "Title": "M"},
{"URL": "http://imdb.com/title/tt0180093/?pf_rd_m=A2FGELUUNOQJNL&pf_rd_p=2398042102&pf_rd_r=1J9ASDM62PN3VY1W42JH&pf_rd_s=center-1&pf_rd_t=15506&pf_rd_i=top&ref_=chttp_tt_78", "Rating": "8.3", "Movie_Rank": "78", "Release_Year": "(2000)", "Title": "Requiem for a Dream"},
{"URL": "http://imdb.com/title/tt0211915/?pf_rd_m=A2FGELUUNOQJNL&pf_rd_p=2398042102&pf_rd_r=1J9ASDM62PN3VY1W42JH&pf_rd_s=center-1&pf_rd_t=15506&pf_rd_i=top&ref_=chttp_tt_79", "Rating": "8.3", "Movie_Rank": "79", "Release_Year": "(2001)", "Title": "Am\u00e9lie"},
{"URL": "http://imdb.com/title/tt0986264/?pf_rd_m=A2FGELUUNOQJNL&pf_rd_p=2398042102&pf_rd_r=1J9ASDM62PN3VY1W42JH&pf_rd_s=center-1&pf_rd_t=15506&pf_rd_i=top&ref_=chttp_tt_80", "Rating": "8.3", "Movie_Rank": "80", "Release_Year": "(2007)", "Title": "Like Stars on Earth"},
{"URL": "http://imdb.com/title/tt0066921/?pf_rd_m=A2FGELUUNOQJNL&pf_rd_p=2398042102&pf_rd_r=1J9ASDM62PN3VY1W42JH&pf_rd_s=center-1&pf_rd_t=15506&pf_rd_i=top&ref_=chttp_tt_81", "Rating": "8.3", "Movie_Rank": "81", "Release_Year": "(1971)", "Title": "A Clockwork Orange"},
{"URL": "http://imdb.com/title/tt0056172/?pf_rd_m=A2FGELUUNOQJNL&pf_rd_p=2398042102&pf_rd_r=1J9ASDM62PN3VY1W42JH&pf_rd_s=center-1&pf_rd_t=15506&pf_rd_i=top&ref_=chttp_tt_82", "Rating": "8.3", "Movie_Rank": "82", "Release_Year": "(1962)", "Title": "Lawrence of Arabia"},
{"URL": "http://imdb.com/title/tt0075314/?pf_rd_m=A2FGELUUNOQJNL&pf_rd_p=2398042102&pf_rd_r=1J9ASDM62PN3VY1W42JH&pf_rd_s=center-1&pf_rd_t=15506&pf_rd_i=top&ref_=chttp_tt_83", "Rating": "8.3", "Movie_Rank": "83", "Release_Year": "(1976)", "Title": "Taxi Driver"},
{"URL": "http://imdb.com/title/tt0036775/?pf_rd_m=A2FGELUUNOQJNL&pf_rd_p=2398042102&pf_rd_r=1J9ASDM62PN3VY1W42JH&pf_rd_s=center-1&pf_rd_t=15506&pf_rd_i=top&ref_=chttp_tt_84", "Rating": "8.3", "Movie_Rank": "84", "Release_Year": "(1944)", "Title": "Double Indemnity"},
{"URL": "http://imdb.com/title/tt0338013/?pf_rd_m=A2FGELUUNOQJNL&pf_rd_p=2398042102&pf_rd_r=1J9ASDM62PN3VY1W42JH&pf_rd_s=center-1&pf_rd_t=15506&pf_rd_i=top&ref_=chttp_tt_85", "Rating": "8.3", "Movie_Rank": "85", "Release_Year": "(2004)", "Title": "Eternal Sunshine of the Spotless Mind"},
{"URL": "http://imdb.com/title/tt0086879/?pf_rd_m=A2FGELUUNOQJNL&pf_rd_p=2398042102&pf_rd_r=1J9ASDM62PN3VY1W42JH&pf_rd_s=center-1&pf_rd_t=15506&pf_rd_i=top&ref_=chttp_tt_86", "Rating": "8.3", "Movie_Rank": "86", "Release_Year": "(1984)", "Title": "Amadeus"},
{"URL": "http://imdb.com/title/tt0056592/?pf_rd_m=A2FGELUUNOQJNL&pf_rd_p=2398042102&pf_rd_r=1J9ASDM62PN3VY1W42JH&pf_rd_s=center-1&pf_rd_t=15506&pf_rd_i=top&ref_=chttp_tt_87", "Rating": "8.3", "Movie_Rank": "87", "Release_Year": "(1962)", "Title": "To Kill a Mockingbird"},
{"URL": "http://imdb.com/title/tt0435761/?pf_rd_m=A2FGELUUNOQJNL&pf_rd_p=2398042102&pf_rd_r=1J9ASDM62PN3VY1W42JH&pf_rd_s=center-1&pf_rd_t=15506&pf_rd_i=top&ref_=chttp_tt_88", "Rating": "8.3", "Movie_Rank": "88", "Release_Year": "(2010)", "Title": "Toy Story 3"},
{"URL": "http://imdb.com/title/tt0093058/?pf_rd_m=A2FGELUUNOQJNL&pf_rd_p=2398042102&pf_rd_r=1J9ASDM62PN3VY1W42JH&pf_rd_s=center-1&pf_rd_t=15506&pf_rd_i=top&ref_=chttp_tt_89", "Rating": "8.3", "Movie_Rank": "89", "Release_Year": "(1987)", "Title": "Full Metal Jacket"},
{"URL": "http://imdb.com/title/tt0062622/?pf_rd_m=A2FGELUUNOQJNL&pf_rd_p=2398042102&pf_rd_r=1J9ASDM62PN3VY1W42JH&pf_rd_s=center-1&pf_rd_t=15506&pf_rd_i=top&ref_=chttp_tt_90", "Rating": "8.3", "Movie_Rank": "90", "Release_Year": "(1968)", "Title": "2001: A Space Odyssey"},
{"URL": "http://imdb.com/title/tt0045152/?pf_rd_m=A2FGELUUNOQJNL&pf_rd_p=2398042102&pf_rd_r=1J9ASDM62PN3VY1W42JH&pf_rd_s=center-1&pf_rd_t=15506&pf_rd_i=top&ref_=chttp_tt_91", "Rating": "8.3", "Movie_Rank": "91", "Release_Year": "(1952)", "Title": "Singin' in the Rain"},
{"URL": "http://imdb.com/title/tt0070735/?pf_rd_m=A2FGELUUNOQJNL&pf_rd_p=2398042102&pf_rd_r=1J9ASDM62PN3VY1W42JH&pf_rd_s=center-1&pf_rd_t=15506&pf_rd_i=top&ref_=chttp_tt_92", "Rating": "8.3", "Movie_Rank": "92", "Release_Year": "(1973)", "Title": "The Sting"},
{"URL": "http://imdb.com/title/tt5311514/?pf_rd_m=A2FGELUUNOQJNL&pf_rd_p=2398042102&pf_rd_r=1J9ASDM62PN3VY1W42JH&pf_rd_s=center-1&pf_rd_t=15506&pf_rd_i=top&ref_=chttp_tt_93", "Rating": "8.3", "Movie_Rank": "93", "Release_Year": "(2016)", "Title": "Your Name"},
{"URL": "http://imdb.com/title/tt0114709/?pf_rd_m=A2FGELUUNOQJNL&pf_rd_p=2398042102&pf_rd_r=1J9ASDM62PN3VY1W42JH&pf_rd_s=center-1&pf_rd_t=15506&pf_rd_i=top&ref_=chttp_tt_94", "Rating": "8.3", "Movie_Rank": "94", "Release_Year": "(1995)", "Title": "Toy Story"},
{"URL": "http://imdb.com/title/tt0040522/?pf_rd_m=A2FGELUUNOQJNL&pf_rd_p=2398042102&pf_rd_r=1J9ASDM62PN3VY1W42JH&pf_rd_s=center-1&pf_rd_t=15506&pf_rd_i=top&ref_=chttp_tt_95", "Rating": "8.3", "Movie_Rank": "95", "Release_Year": "(1948)", "Title": "Bicycle Thieves"},
{"URL": "http://imdb.com/title/tt0012349/?pf_rd_m=A2FGELUUNOQJNL&pf_rd_p=2398042102&pf_rd_r=1J9ASDM62PN3VY1W42JH&pf_rd_s=center-1&pf_rd_t=15506&pf_rd_i=top&ref_=chttp_tt_96", "Rating": "8.3", "Movie_Rank": "96", "Release_Year": "(1921)", "Title": "The Kid"},
{"URL": "http://imdb.com/title/tt0361748/?pf_rd_m=A2FGELUUNOQJNL&pf_rd_p=2398042102&pf_rd_r=1J9ASDM62PN3VY1W42JH&pf_rd_s=center-1&pf_rd_t=15506&pf_rd_i=top&ref_=chttp_tt_97", "Rating": "8.3", "Movie_Rank": "97", "Release_Year": "(2009)", "Title": "Inglourious Basterds"},
{"URL": "http://imdb.com/title/tt1187043/?pf_rd_m=A2FGELUUNOQJNL&pf_rd_p=2398042102&pf_rd_r=1J9ASDM62PN3VY1W42JH&pf_rd_s=center-1&pf_rd_t=15506&pf_rd_i=top&ref_=chttp_tt_98", "Rating": "8.3", "Movie_Rank": "98", "Release_Year": "(2009)", "Title": "3 Idiots"},
{"URL": "http://imdb.com/title/tt0208092/?pf_rd_m=A2FGELUUNOQJNL&pf_rd_p=2398042102&pf_rd_r=1J9ASDM62PN3VY1W42JH&pf_rd_s=center-1&pf_rd_t=15506&pf_rd_i=top&ref_=chttp_tt_99", "Rating": "8.3", "Movie_Rank": "99", "Release_Year": "(2000)", "Title": "Snatch"},
{"URL": "http://imdb.com/title/tt0071853/?pf_rd_m=A2FGELUUNOQJNL&pf_rd_p=2398042102&pf_rd_r=1J9ASDM62PN3VY1W42JH&pf_rd_s=center-1&pf_rd_t=15506&pf_rd_i=top&ref_=chttp_tt_100", "Rating": "8.3", "Movie_Rank": "100", "Release_Year": "(1975)", "Title": "Monty Python and the Holy Grail"},
{"URL": "http://imdb.com/title/tt0119488/?pf_rd_m=A2FGELUUNOQJNL&pf_rd_p=2398042102&pf_rd_r=1J9ASDM62PN3VY1W42JH&pf_rd_s=center-1&pf_rd_t=15506&pf_rd_i=top&ref_=chttp_tt_101", "Rating": "8.3", "Movie_Rank": "101", "Release_Year": "(1997)", "Title": "L.A. Confidential"},
{"URL": "http://imdb.com/title/tt0059578/?pf_rd_m=A2FGELUUNOQJNL&pf_rd_p=2398042102&pf_rd_r=1J9ASDM62PN3VY1W42JH&pf_rd_s=center-1&pf_rd_t=15506&pf_rd_i=top&ref_=chttp_tt_102", "Rating": "8.3", "Movie_Rank": "102", "Release_Year": "(1965)", "Title": "For a Few Dollars More"},
{"URL": "http://imdb.com/title/tt2106476/?pf_rd_m=A2FGELUUNOQJNL&pf_rd_p=2398042102&pf_rd_r=1J9ASDM62PN3VY1W42JH&pf_rd_s=center-1&pf_rd_t=15506&pf_rd_i=top&ref_=chttp_tt_103", "Rating": "8.3", "Movie_Rank": "103", "Release_Year": "(2012)", "Title": "The Hunt"},
{"URL": "http://imdb.com/title/tt0086250/?pf_rd_m=A2FGELUUNOQJNL&pf_rd_p=2398042102&pf_rd_r=1J9ASDM62PN3VY1W42JH&pf_rd_s=center-1&pf_rd_t=15506&pf_rd_i=top&ref_=chttp_tt_104", "Rating": "8.3", "Movie_Rank": "104", "Release_Year": "(1983)", "Title": "Scarface"},
{"URL": "http://imdb.com/title/tt0119217/?pf_rd_m=A2FGELUUNOQJNL&pf_rd_p=2398042102&pf_rd_r=1J9ASDM62PN3VY1W42JH&pf_rd_s=center-1&pf_rd_t=15506&pf_rd_i=top&ref_=chttp_tt_105", "Rating": "8.3", "Movie_Rank": "105", "Release_Year": "(1997)", "Title": "Good Will Hunting"},
{"URL": "http://imdb.com/title/tt0476735/?pf_rd_m=A2FGELUUNOQJNL&pf_rd_p=2398042102&pf_rd_r=1J9ASDM62PN3VY1W42JH&pf_rd_s=center-1&pf_rd_t=15506&pf_rd_i=top&ref_=chttp_tt_106", "Rating": "8.3", "Movie_Rank": "106", "Release_Year": "(2005)", "Title": "My Father and My Son"},
{"URL": "http://imdb.com/title/tt0053604/?pf_rd_m=A2FGELUUNOQJNL&pf_rd_p=2398042102&pf_rd_r=1J9ASDM62PN3VY1W42JH&pf_rd_s=center-1&pf_rd_t=15506&pf_rd_i=top&ref_=chttp_tt_107", "Rating": "8.2", "Movie_Rank": "107", "Release_Year": "(1960)", "Title": "The Apartment"},
{"URL": "http://imdb.com/title/tt0042876/?pf_rd_m=A2FGELUUNOQJNL&pf_rd_p=2398042102&pf_rd_r=1J9ASDM62PN3VY1W42JH&pf_rd_s=center-1&pf_rd_t=15506&pf_rd_i=top&ref_=chttp_tt_108", "Rating": "8.2", "Movie_Rank": "108", "Release_Year": "(1950)", "Title": "Rashomon"},
{"URL": "http://imdb.com/title/tt1832382/?pf_rd_m=A2FGELUUNOQJNL&pf_rd_p=2398042102&pf_rd_r=1J9ASDM62PN3VY1W42JH&pf_rd_s=center-1&pf_rd_t=15506&pf_rd_i=top&ref_=chttp_tt_109", "Rating": "8.2", "Movie_Rank": "109", "Release_Year": "(2011)", "Title": "A Separation"},
{"URL": "http://imdb.com/title/tt0017136/?pf_rd_m=A2FGELUUNOQJNL&pf_rd_p=2398042102&pf_rd_r=1J9ASDM62PN3VY1W42JH&pf_rd_s=center-1&pf_rd_t=15506&pf_rd_i=top&ref_=chttp_tt_110", "Rating": "8.2", "Movie_Rank": "110", "Release_Year": "(1927)", "Title": "Metropolis"},
{"URL": "http://imdb.com/title/tt0097576/?pf_rd_m=A2FGELUUNOQJNL&pf_rd_p=2398042102&pf_rd_r=1J9ASDM62PN3VY1W42JH&pf_rd_s=center-1&pf_rd_t=15506&pf_rd_i=top&ref_=chttp_tt_111", "Rating": "8.2", "Movie_Rank": "111", "Release_Year": "(1989)", "Title": "Indiana Jones and the Last Crusade"},
{"URL": "http://imdb.com/title/tt0042192/?pf_rd_m=A2FGELUUNOQJNL&pf_rd_p=2398042102&pf_rd_r=1J9ASDM62PN3VY1W42JH&pf_rd_s=center-1&pf_rd_t=15506&pf_rd_i=top&ref_=chttp_tt_112", "Rating": "8.2", "Movie_Rank": "112", "Release_Year": "(1950)", "Title": "All About Eve"},
{"URL": "http://imdb.com/title/tt0055630/?pf_rd_m=A2FGELUUNOQJNL&pf_rd_p=2398042102&pf_rd_r=1J9ASDM62PN3VY1W42JH&pf_rd_s=center-1&pf_rd_t=15506&pf_rd_i=top&ref_=chttp_tt_113", "Rating": "8.2", "Movie_Rank": "113", "Release_Year": "(1961)", "Title": "Yojimbo"},
{"URL": "http://imdb.com/title/tt0372784/?pf_rd_m=A2FGELUUNOQJNL&pf_rd_p=2398042102&pf_rd_r=1J9ASDM62PN3VY1W42JH&pf_rd_s=center-1&pf_rd_t=15506&pf_rd_i=top&ref_=chttp_tt_114", "Rating": "8.2", "Movie_Rank": "114", "Release_Year": "(2005)", "Title": "Batman Begins"},
{"URL": "http://imdb.com/title/tt1049413/?pf_rd_m=A2FGELUUNOQJNL&pf_rd_p=2398042102&pf_rd_r=1J9ASDM62PN3VY1W42JH&pf_rd_s=center-1&pf_rd_t=15506&pf_rd_i=top&ref_=chttp_tt_115", "Rating": "8.2", "Movie_Rank": "115", "Release_Year": "(2009)", "Title": "Up"},
{"URL": "http://imdb.com/title/tt0053291/?pf_rd_m=A2FGELUUNOQJNL&pf_rd_p=2398042102&pf_rd_r=1J9ASDM62PN3VY1W42JH&pf_rd_s=center-1&pf_rd_t=15506&pf_rd_i=top&ref_=chttp_tt_116", "Rating": "8.2", "Movie_Rank": "116", "Release_Year": "(1959)", "Title": "Some Like It Hot"},
{"URL": "http://imdb.com/title/tt0040897/?pf_rd_m=A2FGELUUNOQJNL&pf_rd_p=2398042102&pf_rd_r=1J9ASDM62PN3VY1W42JH&pf_rd_s=center-1&pf_rd_t=15506&pf_rd_i=top&ref_=chttp_tt_117", "Rating": "8.2", "Movie_Rank": "117", "Release_Year": "(1948)", "Title": "The Treasure of the Sierra Madre"},
{"URL": "http://imdb.com/title/tt0105695/?pf_rd_m=A2FGELUUNOQJNL&pf_rd_p=2398042102&pf_rd_r=1J9ASDM62PN3VY1W42JH&pf_rd_s=center-1&pf_rd_t=15506&pf_rd_i=top&ref_=chttp_tt_118", "Rating": "8.2", "Movie_Rank": "118", "Release_Year": "(1992)", "Title": "Unforgiven"},
{"URL": "http://imdb.com/title/tt0363163/?pf_rd_m=A2FGELUUNOQJNL&pf_rd_p=2398042102&pf_rd_r=1J9ASDM62PN3VY1W42JH&pf_rd_s=center-1&pf_rd_t=15506&pf_rd_i=top&ref_=chttp_tt_119", "Rating": "8.2", "Movie_Rank": "119", "Release_Year": "(2004)", "Title": "Downfall"},
{"URL": "http://imdb.com/title/tt0081398/?pf_rd_m=A2FGELUUNOQJNL&pf_rd_p=2398042102&pf_rd_r=1J9ASDM62PN3VY1W42JH&pf_rd_s=center-1&pf_rd_t=15506&pf_rd_i=top&ref_=chttp_tt_120", "Rating": "8.2", "Movie_Rank": "120", "Release_Year": "(1980)", "Title": "Raging Bull"},
{"URL": "http://imdb.com/title/tt0095016/?pf_rd_m=A2FGELUUNOQJNL&pf_rd_p=2398042102&pf_rd_r=1J9ASDM62PN3VY1W42JH&pf_rd_s=center-1&pf_rd_t=15506&pf_rd_i=top&ref_=chttp_tt_121", "Rating": "8.2", "Movie_Rank": "121", "Release_Year": "(1988)", "Title": "Die Hard"},
{"URL": "http://imdb.com/title/tt0118849/?pf_rd_m=A2FGELUUNOQJNL&pf_rd_p=2398042102&pf_rd_r=1J9ASDM62PN3VY1W42JH&pf_rd_s=center-1&pf_rd_t=15506&pf_rd_i=top&ref_=chttp_tt_122", "Rating": "8.2", "Movie_Rank": "122", "Release_Year": "(1997)", "Title": "Children of Heaven"},
{"URL": "http://imdb.com/title/tt0041959/?pf_rd_m=A2FGELUUNOQJNL&pf_rd_p=2398042102&pf_rd_r=1J9ASDM62PN3VY1W42JH&pf_rd_s=center-1&pf_rd_t=15506&pf_rd_i=top&ref_=chttp_tt_123", "Rating": "8.2", "Movie_Rank": "123", "Release_Year": "(1949)", "Title": "The Third Man"},
{"URL": "http://imdb.com/title/tt0113277/?pf_rd_m=A2FGELUUNOQJNL&pf_rd_p=2398042102&pf_rd_r=1J9ASDM62PN3VY1W42JH&pf_rd_s=center-1&pf_rd_t=15506&pf_rd_i=top&ref_=chttp_tt_124", "Rating": "8.2", "Movie_Rank": "124", "Release_Year": "(1995)", "Title": "Heat"},
{"URL": "http://imdb.com/title/tt0057115/?pf_rd_m=A2FGELUUNOQJNL&pf_rd_p=2398042102&pf_rd_r=1J9ASDM62PN3VY1W42JH&pf_rd_s=center-1&pf_rd_t=15506&pf_rd_i=top&ref_=chttp_tt_125", "Rating": "8.2", "Movie_Rank": "125", "Release_Year": "(1963)", "Title": "The Great Escape"},
{"URL": "http://imdb.com/title/tt0071315/?pf_rd_m=A2FGELUUNOQJNL&pf_rd_p=2398042102&pf_rd_r=1J9ASDM62PN3VY1W42JH&pf_rd_s=center-1&pf_rd_t=15506&pf_rd_i=top&ref_=chttp_tt_126", "Rating": "8.2", "Movie_Rank": "126", "Release_Year": "(1974)", "Title": "Chinatown"},
{"URL": "http://imdb.com/title/tt3890160/?pf_rd_m=A2FGELUUNOQJNL&pf_rd_p=2398042102&pf_rd_r=1J9ASDM62PN3VY1W42JH&pf_rd_s=center-1&pf_rd_t=15506&pf_rd_i=top&ref_=chttp_tt_127", "Rating": "8.2", "Movie_Rank": "127", "Release_Year": "(2017)", "Title": "Baby Driver"},
{"URL": "http://imdb.com/title/tt0044741/?pf_rd_m=A2FGELUUNOQJNL&pf_rd_p=2398042102&pf_rd_r=1J9ASDM62PN3VY1W42JH&pf_rd_s=center-1&pf_rd_t=15506&pf_rd_i=top&ref_=chttp_tt_128", "Rating": "8.2", "Movie_Rank": "128", "Release_Year": "(1952)", "Title": "Ikiru"},
{"URL": "http://imdb.com/title/tt0457430/?pf_rd_m=A2FGELUUNOQJNL&pf_rd_p=2398042102&pf_rd_r=1J9ASDM62PN3VY1W42JH&pf_rd_s=center-1&pf_rd_t=15506&pf_rd_i=top&ref_=chttp_tt_129", "Rating": "8.2", "Movie_Rank": "129", "Release_Year": "(2006)", "Title": "Pan's Labyrinth"},
{"URL": "http://imdb.com/title/tt0096283/?pf_rd_m=A2FGELUUNOQJNL&pf_rd_p=2398042102&pf_rd_r=1J9ASDM62PN3VY1W42JH&pf_rd_s=center-1&pf_rd_t=15506&pf_rd_i=top&ref_=chttp_tt_130", "Rating": "8.2", "Movie_Rank": "130", "Release_Year": "(1988)", "Title": "My Neighbor Totoro"},
{"URL": "http://imdb.com/title/tt2096673/?pf_rd_m=A2FGELUUNOQJNL&pf_rd_p=2398042102&pf_rd_r=1J9ASDM62PN3VY1W42JH&pf_rd_s=center-1&pf_rd_t=15506&pf_rd_i=top&ref_=chttp_tt_131", "Rating": "8.2", "Movie_Rank": "131", "Release_Year": "(2015)", "Title": "Inside Out"},
{"URL": "http://imdb.com/title/tt0089881/?pf_rd_m=A2FGELUUNOQJNL&pf_rd_p=2398042102&pf_rd_r=1J9ASDM62PN3VY1W42JH&pf_rd_s=center-1&pf_rd_t=15506&pf_rd_i=top&ref_=chttp_tt_132", "Rating": "8.2", "Movie_Rank": "132", "Release_Year": "(1985)", "Title": "Ran"},
{"URL": "http://imdb.com/title/tt0015864/?pf_rd_m=A2FGELUUNOQJNL&pf_rd_p=2398042102&pf_rd_r=1J9ASDM62PN3VY1W42JH&pf_rd_s=center-1&pf_rd_t=15506&pf_rd_i=top&ref_=chttp_tt_133", "Rating": "8.2", "Movie_Rank": "133", "Release_Year": "(1925)", "Title": "The Gold Rush"},
{"URL": "http://imdb.com/title/tt1305806/?pf_rd_m=A2FGELUUNOQJNL&pf_rd_p=2398042102&pf_rd_r=1J9ASDM62PN3VY1W42JH&pf_rd_s=center-1&pf_rd_t=15506&pf_rd_i=top&ref_=chttp_tt_134", "Rating": "8.2", "Movie_Rank": "134", "Release_Year": "(2009)", "Title": "The Secret in Their Eyes"},
{"URL": "http://imdb.com/title/tt0047296/?pf_rd_m=A2FGELUUNOQJNL&pf_rd_p=2398042102&pf_rd_r=1J9ASDM62PN3VY1W42JH&pf_rd_s=center-1&pf_rd_t=15506&pf_rd_i=top&ref_=chttp_tt_135", "Rating": "8.2", "Movie_Rank": "135", "Release_Year": "(1954)", "Title": "On the Waterfront"},
{"URL": "http://imdb.com/title/tt3783958/?pf_rd_m=A2FGELUUNOQJNL&pf_rd_p=2398042102&pf_rd_r=1J9ASDM62PN3VY1W42JH&pf_rd_s=center-1&pf_rd_t=15506&pf_rd_i=top&ref_=chttp_tt_136", "Rating": "8.2", "Movie_Rank": "136", "Release_Year": "(2016)", "Title": "La La Land"},
{"URL": "http://imdb.com/title/tt3170832/?pf_rd_m=A2FGELUUNOQJNL&pf_rd_p=2398042102&pf_rd_r=1J9ASDM62PN3VY1W42JH&pf_rd_s=center-1&pf_rd_t=15506&pf_rd_i=top&ref_=chttp_tt_137", "Rating": "8.2", "Movie_Rank": "137", "Release_Year": "(2015)", "Title": "Room"},
{"URL": "http://imdb.com/title/tt0050212/?pf_rd_m=A2FGELUUNOQJNL&pf_rd_p=2398042102&pf_rd_r=1J9ASDM62PN3VY1W42JH&pf_rd_s=center-1&pf_rd_t=15506&pf_rd_i=top&ref_=chttp_tt_138", "Rating": "8.2", "Movie_Rank": "138", "Release_Year": "(1957)", "Title": "The Bridge on the River Kwai"},
{"URL": "http://imdb.com/title/tt0347149/?pf_rd_m=A2FGELUUNOQJNL&pf_rd_p=2398042102&pf_rd_r=1J9ASDM62PN3VY1W42JH&pf_rd_s=center-1&pf_rd_t=15506&pf_rd_i=top&ref_=chttp_tt_139", "Rating": "8.2", "Movie_Rank": "139", "Release_Year": "(2004)", "Title": "Howl's Moving Castle"},
{"URL": "http://imdb.com/title/tt0083658/?pf_rd_m=A2FGELUUNOQJNL&pf_rd_p=2398042102&pf_rd_r=1J9ASDM62PN3VY1W42JH&pf_rd_s=center-1&pf_rd_t=15506&pf_rd_i=top&ref_=chttp_tt_140", "Rating": "8.2", "Movie_Rank": "140", "Release_Year": "(1982)", "Title": "Blade Runner"},
{"URL": "http://imdb.com/title/tt1255953/?pf_rd_m=A2FGELUUNOQJNL&pf_rd_p=2398042102&pf_rd_r=1J9ASDM62PN3VY1W42JH&pf_rd_s=center-1&pf_rd_t=15506&pf_rd_i=top&ref_=chttp_tt_141", "Rating": "8.2", "Movie_Rank": "141", "Release_Year": "(2010)", "Title": "Incendies"},
{"URL": "http://imdb.com/title/tt0055031/?pf_rd_m=A2FGELUUNOQJNL&pf_rd_p=2398042102&pf_rd_r=1J9ASDM62PN3VY1W42JH&pf_rd_s=center-1&pf_rd_t=15506&pf_rd_i=top&ref_=chttp_tt_142", "Rating": "8.2", "Movie_Rank": "142", "Release_Year": "(1961)", "Title": "Judgment at Nuremberg"},
{"URL": "http://imdb.com/title/tt0050976/?pf_rd_m=A2FGELUUNOQJNL&pf_rd_p=2398042102&pf_rd_r=1J9ASDM62PN3VY1W42JH&pf_rd_s=center-1&pf_rd_t=15506&pf_rd_i=top&ref_=chttp_tt_143", "Rating": "8.2", "Movie_Rank": "143", "Release_Year": "(1957)", "Title": "The Seventh Seal"},
{"URL": "http://imdb.com/title/tt0120735/?pf_rd_m=A2FGELUUNOQJNL&pf_rd_p=2398042102&pf_rd_r=1J9ASDM62PN3VY1W42JH&pf_rd_s=center-1&pf_rd_t=15506&pf_rd_i=top&ref_=chttp_tt_144", "Rating": "8.2", "Movie_Rank": "144", "Release_Year": "(1998)", "Title": "Lock, Stock and Two Smoking Barrels"},
{"URL": "http://imdb.com/title/tt0031679/?pf_rd_m=A2FGELUUNOQJNL&pf_rd_p=2398042102&pf_rd_r=1J9ASDM62PN3VY1W42JH&pf_rd_s=center-1&pf_rd_t=15506&pf_rd_i=top&ref_=chttp_tt_145", "Rating": "8.2", "Movie_Rank": "145", "Release_Year": "(1939)", "Title": "Mr. Smith Goes to Washington"},
{"URL": "http://imdb.com/title/tt3315342/?pf_rd_m=A2FGELUUNOQJNL&pf_rd_p=2398042102&pf_rd_r=1J9ASDM62PN3VY1W42JH&pf_rd_s=center-1&pf_rd_t=15506&pf_rd_i=top&ref_=chttp_tt_146", "Rating": "8.2", "Movie_Rank": "146", "Release_Year": "(2017)", "Title": "Logan"},
{"URL": "http://imdb.com/title/tt0112641/?pf_rd_m=A2FGELUUNOQJNL&pf_rd_p=2398042102&pf_rd_r=1J9ASDM62PN3VY1W42JH&pf_rd_s=center-1&pf_rd_t=15506&pf_rd_i=top&ref_=chttp_tt_147", "Rating": "8.2", "Movie_Rank": "147", "Release_Year": "(1995)", "Title": "Casino"},
{"URL": "http://imdb.com/title/tt0268978/?pf_rd_m=A2FGELUUNOQJNL&pf_rd_p=2398042102&pf_rd_r=1J9ASDM62PN3VY1W42JH&pf_rd_s=center-1&pf_rd_t=15506&pf_rd_i=top&ref_=chttp_tt_148", "Rating": "8.2", "Movie_Rank": "148", "Release_Year": "(2001)", "Title": "A Beautiful Mind"},
{"URL": "http://imdb.com/title/tt0080678/?pf_rd_m=A2FGELUUNOQJNL&pf_rd_p=2398042102&pf_rd_r=1J9ASDM62PN3VY1W42JH&pf_rd_s=center-1&pf_rd_t=15506&pf_rd_i=top&ref_=chttp_tt_149", "Rating": "8.1", "Movie_Rank": "149", "Release_Year": "(1980)", "Title": "The Elephant Man"},
{"URL": "http://imdb.com/title/tt0060107/?pf_rd_m=A2FGELUUNOQJNL&pf_rd_p=2398042102&pf_rd_r=1J9ASDM62PN3VY1W42JH&pf_rd_s=center-1&pf_rd_t=15506&pf_rd_i=top&ref_=chttp_tt_150", "Rating": "8.1", "Movie_Rank": "150", "Release_Year": "(1966)", "Title": "Andrei Rublev"},
{"URL": "http://imdb.com/title/tt0050986/?pf_rd_m=A2FGELUUNOQJNL&pf_rd_p=2398042102&pf_rd_r=1J9ASDM62PN3VY1W42JH&pf_rd_s=center-1&pf_rd_t=15506&pf_rd_i=top&ref_=chttp_tt_151", "Rating": "8.1", "Movie_Rank": "151", "Release_Year": "(1957)", "Title": "Wild Strawberries"},
{"URL": "http://imdb.com/title/tt0434409/?pf_rd_m=A2FGELUUNOQJNL&pf_rd_p=2398042102&pf_rd_r=1J9ASDM62PN3VY1W42JH&pf_rd_s=center-1&pf_rd_t=15506&pf_rd_i=top&ref_=chttp_tt_152", "Rating": "8.1", "Movie_Rank": "152", "Release_Year": "(2005)", "Title": "V for Vendetta"},
{"URL": "http://imdb.com/title/tt0993846/?pf_rd_m=A2FGELUUNOQJNL&pf_rd_p=2398042102&pf_rd_r=1J9ASDM62PN3VY1W42JH&pf_rd_s=center-1&pf_rd_t=15506&pf_rd_i=top&ref_=chttp_tt_153", "Rating": "8.1", "Movie_Rank": "153", "Release_Year": "(2013)", "Title": "The Wolf of Wall Street"},
{"URL": "http://imdb.com/title/tt0017925/?pf_rd_m=A2FGELUUNOQJNL&pf_rd_p=2398042102&pf_rd_r=1J9ASDM62PN3VY1W42JH&pf_rd_s=center-1&pf_rd_t=15506&pf_rd_i=top&ref_=chttp_tt_154", "Rating": "8.1", "Movie_Rank": "154", "Release_Year": "(1926)", "Title": "The General"},
{"URL": "http://imdb.com/title/tt1291584/?pf_rd_m=A2FGELUUNOQJNL&pf_rd_p=2398042102&pf_rd_r=1J9ASDM62PN3VY1W42JH&pf_rd_s=center-1&pf_rd_t=15506&pf_rd_i=top&ref_=chttp_tt_155", "Rating": "8.1", "Movie_Rank": "155", "Release_Year": "(2011)", "Title": "Warrior"},
{"URL": "http://imdb.com/title/tt0116231/?pf_rd_m=A2FGELUUNOQJNL&pf_rd_p=2398042102&pf_rd_r=1J9ASDM62PN3VY1W42JH&pf_rd_s=center-1&pf_rd_t=15506&pf_rd_i=top&ref_=chttp_tt_156", "Rating": "8.1", "Movie_Rank": "156", "Release_Year": "(1996)", "Title": "The Bandit"},
{"URL": "http://imdb.com/title/tt0117951/?pf_rd_m=A2FGELUUNOQJNL&pf_rd_p=2398042102&pf_rd_r=1J9ASDM62PN3VY1W42JH&pf_rd_s=center-1&pf_rd_t=15506&pf_rd_i=top&ref_=chttp_tt_157", "Rating": "8.1", "Movie_Rank": "157", "Release_Year": "(1996)", "Title": "Trainspotting"},
{"URL": "http://imdb.com/title/tt0018455/?pf_rd_m=A2FGELUUNOQJNL&pf_rd_p=2398042102&pf_rd_r=1J9ASDM62PN3VY1W42JH&pf_rd_s=center-1&pf_rd_t=15506&pf_rd_i=top&ref_=chttp_tt_158", "Rating": "8.1", "Movie_Rank": "158", "Release_Year": "(1927)", "Title": "Sunrise"},
{"URL": "http://imdb.com/title/tt0046912/?pf_rd_m=A2FGELUUNOQJNL&pf_rd_p=2398042102&pf_rd_r=1J9ASDM62PN3VY1W42JH&pf_rd_s=center-1&pf_rd_t=15506&pf_rd_i=top&ref_=chttp_tt_159", "Rating": "8.1", "Movie_Rank": "159", "Release_Year": "(1954)", "Title": "Dial M for Murder"},
{"URL": "http://imdb.com/title/tt1205489/?pf_rd_m=A2FGELUUNOQJNL&pf_rd_p=2398042102&pf_rd_r=1J9ASDM62PN3VY1W42JH&pf_rd_s=center-1&pf_rd_t=15506&pf_rd_i=top&ref_=chttp_tt_160", "Rating": "8.1", "Movie_Rank": "160", "Release_Year": "(2008)", "Title": "Gran Torino"},
{"URL": "http://imdb.com/title/tt0077416/?pf_rd_m=A2FGELUUNOQJNL&pf_rd_p=2398042102&pf_rd_r=1J9ASDM62PN3VY1W42JH&pf_rd_s=center-1&pf_rd_t=15506&pf_rd_i=top&ref_=chttp_tt_161", "Rating": "8.1", "Movie_Rank": "161", "Release_Year": "(1978)", "Title": "The Deer Hunter"},
{"URL": "http://imdb.com/title/tt2119532/?pf_rd_m=A2FGELUUNOQJNL&pf_rd_p=2398042102&pf_rd_r=1J9ASDM62PN3VY1W42JH&pf_rd_s=center-1&pf_rd_t=15506&pf_rd_i=top&ref_=chttp_tt_162", "Rating": "8.1", "Movie_Rank": "162", "Release_Year": "(2016)", "Title": "Hacksaw Ridge"},
{"URL": "http://imdb.com/title/tt0031381/?pf_rd_m=A2FGELUUNOQJNL&pf_rd_p=2398042102&pf_rd_r=1J9ASDM62PN3VY1W42JH&pf_rd_s=center-1&pf_rd_t=15506&pf_rd_i=top&ref_=chttp_tt_163", "Rating": "8.1", "Movie_Rank": "163", "Release_Year": "(1939)", "Title": "Gone with the Wind"},
{"URL": "http://imdb.com/title/tt0116282/?pf_rd_m=A2FGELUUNOQJNL&pf_rd_p=2398042102&pf_rd_r=1J9ASDM62PN3VY1W42JH&pf_rd_s=center-1&pf_rd_t=15506&pf_rd_i=top&ref_=chttp_tt_164", "Rating": "8.1", "Movie_Rank": "164", "Release_Year": "(1996)", "Title": "Fargo"},
{"URL": "http://imdb.com/title/tt0118715/?pf_rd_m=A2FGELUUNOQJNL&pf_rd_p=2398042102&pf_rd_r=1J9ASDM62PN3VY1W42JH&pf_rd_s=center-1&pf_rd_t=15506&pf_rd_i=top&ref_=chttp_tt_165", "Rating": "8.1", "Movie_Rank": "165", "Release_Year": "(1998)", "Title": "The Big Lebowski"},
{"URL": "http://imdb.com/title/tt0167404/?pf_rd_m=A2FGELUUNOQJNL&pf_rd_p=2398042102&pf_rd_r=1J9ASDM62PN3VY1W42JH&pf_rd_s=center-1&pf_rd_t=15506&pf_rd_i=top&ref_=chttp_tt_166", "Rating": "8.1", "Movie_Rank": "166", "Release_Year": "(1999)", "Title": "The Sixth Sense"},
{"URL": "http://imdb.com/title/tt0084787/?pf_rd_m=A2FGELUUNOQJNL&pf_rd_p=2398042102&pf_rd_r=1J9ASDM62PN3VY1W42JH&pf_rd_s=center-1&pf_rd_t=15506&pf_rd_i=top&ref_=chttp_tt_167", "Rating": "8.1", "Movie_Rank": "167", "Release_Year": "(1982)", "Title": "The Thing"},
{"URL": "http://imdb.com/title/tt0266543/?pf_rd_m=A2FGELUUNOQJNL&pf_rd_p=2398042102&pf_rd_r=1J9ASDM62PN3VY1W42JH&pf_rd_s=center-1&pf_rd_t=15506&pf_rd_i=top&ref_=chttp_tt_168", "Rating": "8.1", "Movie_Rank": "168", "Release_Year": "(2003)", "Title": "Finding Nemo"},
{"URL": "http://imdb.com/title/tt0046438/?pf_rd_m=A2FGELUUNOQJNL&pf_rd_p=2398042102&pf_rd_r=1J9ASDM62PN3VY1W42JH&pf_rd_s=center-1&pf_rd_t=15506&pf_rd_i=top&ref_=chttp_tt_169", "Rating": "8.1", "Movie_Rank": "169", "Release_Year": "(1953)", "Title": "Tokyo Story"},
{"URL": "http://imdb.com/title/tt0477348/?pf_rd_m=A2FGELUUNOQJNL&pf_rd_p=2398042102&pf_rd_r=1J9ASDM62PN3VY1W42JH&pf_rd_s=center-1&pf_rd_t=15506&pf_rd_i=top&ref_=chttp_tt_170", "Rating": "8.1", "Movie_Rank": "170", "Release_Year": "(2007)", "Title": "No Country for Old Men"},
{"URL": "http://imdb.com/title/tt0405508/?pf_rd_m=A2FGELUUNOQJNL&pf_rd_p=2398042102&pf_rd_r=1J9ASDM62PN3VY1W42JH&pf_rd_s=center-1&pf_rd_t=15506&pf_rd_i=top&ref_=chttp_tt_171", "Rating": "8.1", "Movie_Rank": "171", "Release_Year": "(2006)", "Title": "Rang De Basanti"},
{"URL": "http://imdb.com/title/tt0019254/?pf_rd_m=A2FGELUUNOQJNL&pf_rd_p=2398042102&pf_rd_r=1J9ASDM62PN3VY1W42JH&pf_rd_s=center-1&pf_rd_t=15506&pf_rd_i=top&ref_=chttp_tt_172", "Rating": "8.1", "Movie_Rank": "172", "Release_Year": "(1928)", "Title": "The Passion of Joan of Arc"},
{"URL": "http://imdb.com/title/tt0061512/?pf_rd_m=A2FGELUUNOQJNL&pf_rd_p=2398042102&pf_rd_r=1J9ASDM62PN3VY1W42JH&pf_rd_s=center-1&pf_rd_t=15506&pf_rd_i=top&ref_=chttp_tt_173", "Rating": "8.1", "Movie_Rank": "173", "Release_Year": "(1967)", "Title": "Cool Hand Luke"},
{"URL": "http://imdb.com/title/tt0032976/?pf_rd_m=A2FGELUUNOQJNL&pf_rd_p=2398042102&pf_rd_r=1J9ASDM62PN3VY1W42JH&pf_rd_s=center-1&pf_rd_t=15506&pf_rd_i=top&ref_=chttp_tt_174", "Rating": "8.1", "Movie_Rank": "174", "Release_Year": "(1940)", "Title": "Rebecca"},
{"URL": "http://imdb.com/title/tt1280558/?pf_rd_m=A2FGELUUNOQJNL&pf_rd_p=2398042102&pf_rd_r=1J9ASDM62PN3VY1W42JH&pf_rd_s=center-1&pf_rd_t=15506&pf_rd_i=top&ref_=chttp_tt_175", "Rating": "8.1", "Movie_Rank": "175", "Release_Year": "(2008)", "Title": "A Wednesday"},
{"URL": "http://imdb.com/title/tt0469494/?pf_rd_m=A2FGELUUNOQJNL&pf_rd_p=2398042102&pf_rd_r=1J9ASDM62PN3VY1W42JH&pf_rd_s=center-1&pf_rd_t=15506&pf_rd_i=top&ref_=chttp_tt_176", "Rating": "8.1", "Movie_Rank": "176", "Release_Year": "(2007)", "Title": "There Will Be Blood"},
{"URL": "http://imdb.com/title/tt0892769/?pf_rd_m=A2FGELUUNOQJNL&pf_rd_p=2398042102&pf_rd_r=1J9ASDM62PN3VY1W42JH&pf_rd_s=center-1&pf_rd_t=15506&pf_rd_i=top&ref_=chttp_tt_177", "Rating": "8.1", "Movie_Rank": "177", "Release_Year": "(2010)", "Title": "How to Train Your Dragon"},
{"URL": "http://imdb.com/title/tt0266697/?pf_rd_m=A2FGELUUNOQJNL&pf_rd_p=2398042102&pf_rd_r=1J9ASDM62PN3VY1W42JH&pf_rd_s=center-1&pf_rd_t=15506&pf_rd_i=top&ref_=chttp_tt_178", "Rating": "8.1", "Movie_Rank": "178", "Release_Year": "(2003)", "Title": "Kill Bill: Vol. 1"},
{"URL": "http://imdb.com/title/tt0091251/?pf_rd_m=A2FGELUUNOQJNL&pf_rd_p=2398042102&pf_rd_r=1J9ASDM62PN3VY1W42JH&pf_rd_s=center-1&pf_rd_t=15506&pf_rd_i=top&ref_=chttp_tt_179", "Rating": "8.1", "Movie_Rank": "179", "Release_Year": "(1985)", "Title": "Come and See"},
{"URL": "http://imdb.com/title/tt0978762/?pf_rd_m=A2FGELUUNOQJNL&pf_rd_p=2398042102&pf_rd_r=1J9ASDM62PN3VY1W42JH&pf_rd_s=center-1&pf_rd_t=15506&pf_rd_i=top&ref_=chttp_tt_180", "Rating": "8.1", "Movie_Rank": "180", "Release_Year": "(2009)", "Title": "Mary and Max"},
{"URL": "http://imdb.com/title/tt2267998/?pf_rd_m=A2FGELUUNOQJNL&pf_rd_p=2398042102&pf_rd_r=1J9ASDM62PN3VY1W42JH&pf_rd_s=center-1&pf_rd_t=15506&pf_rd_i=top&ref_=chttp_tt_181", "Rating": "8.1", "Movie_Rank": "181", "Release_Year": "(2014)", "Title": "Gone Girl"},
{"URL": "http://imdb.com/title/tt0758758/?pf_rd_m=A2FGELUUNOQJNL&pf_rd_p=2398042102&pf_rd_r=1J9ASDM62PN3VY1W42JH&pf_rd_s=center-1&pf_rd_t=15506&pf_rd_i=top&ref_=chttp_tt_182", "Rating": "8.1", "Movie_Rank": "182", "Release_Year": "(2007)", "Title": "Into the Wild"},
{"URL": "http://imdb.com/title/tt0025316/?pf_rd_m=A2FGELUUNOQJNL&pf_rd_p=2398042102&pf_rd_r=1J9ASDM62PN3VY1W42JH&pf_rd_s=center-1&pf_rd_t=15506&pf_rd_i=top&ref_=chttp_tt_183", "Rating": "8.1", "Movie_Rank": "183", "Release_Year": "(1934)", "Title": "It Happened One Night"},
{"URL": "http://imdb.com/title/tt1130884/?pf_rd_m=A2FGELUUNOQJNL&pf_rd_p=2398042102&pf_rd_r=1J9ASDM62PN3VY1W42JH&pf_rd_s=center-1&pf_rd_t=15506&pf_rd_i=top&ref_=chttp_tt_184", "Rating": "8.1", "Movie_Rank": "184", "Release_Year": "(2010)", "Title": "Shutter Island"},
{"URL": "http://imdb.com/title/tt0079470/?pf_rd_m=A2FGELUUNOQJNL&pf_rd_p=2398042102&pf_rd_r=1J9ASDM62PN3VY1W42JH&pf_rd_s=center-1&pf_rd_t=15506&pf_rd_i=top&ref_=chttp_tt_185", "Rating": "8.1", "Movie_Rank": "185", "Release_Year": "(1979)", "Title": "Life of Brian"},
{"URL": "http://imdb.com/title/tt0091763/?pf_rd_m=A2FGELUUNOQJNL&pf_rd_p=2398042102&pf_rd_r=1J9ASDM62PN3VY1W42JH&pf_rd_s=center-1&pf_rd_t=15506&pf_rd_i=top&ref_=chttp_tt_186", "Rating": "8.1", "Movie_Rank": "186", "Release_Year": "(1986)", "Title": "Platoon"},
{"URL": "http://imdb.com/title/tt3011894/?pf_rd_m=A2FGELUUNOQJNL&pf_rd_p=2398042102&pf_rd_r=1J9ASDM62PN3VY1W42JH&pf_rd_s=center-1&pf_rd_t=15506&pf_rd_i=top&ref_=chttp_tt_187", "Rating": "8.1", "Movie_Rank": "187", "Release_Year": "(2014)", "Title": "Wild Tales"},
{"URL": "http://imdb.com/title/tt0395169/?pf_rd_m=A2FGELUUNOQJNL&pf_rd_p=2398042102&pf_rd_r=1J9ASDM62PN3VY1W42JH&pf_rd_s=center-1&pf_rd_t=15506&pf_rd_i=top&ref_=chttp_tt_188", "Rating": "8.1", "Movie_Rank": "188", "Release_Year": "(2004)", "Title": "Hotel Rwanda"},
{"URL": "http://imdb.com/title/tt1979320/?pf_rd_m=A2FGELUUNOQJNL&pf_rd_p=2398042102&pf_rd_r=1J9ASDM62PN3VY1W42JH&pf_rd_s=center-1&pf_rd_t=15506&pf_rd_i=top&ref_=chttp_tt_189", "Rating": "8.1", "Movie_Rank": "189", "Release_Year": "(2013)", "Title": "Rush"},
{"URL": "http://imdb.com/title/tt0046268/?pf_rd_m=A2FGELUUNOQJNL&pf_rd_p=2398042102&pf_rd_r=1J9ASDM62PN3VY1W42JH&pf_rd_s=center-1&pf_rd_t=15506&pf_rd_i=top&ref_=chttp_tt_190", "Rating": "8.1", "Movie_Rank": "190", "Release_Year": "(1953)", "Title": "The Wages of Fear"},
{"URL": "http://imdb.com/title/tt0074958/?pf_rd_m=A2FGELUUNOQJNL&pf_rd_p=2398042102&pf_rd_r=1J9ASDM62PN3VY1W42JH&pf_rd_s=center-1&pf_rd_t=15506&pf_rd_i=top&ref_=chttp_tt_191", "Rating": "8.1", "Movie_Rank": "191", "Release_Year": "(1976)", "Title": "Network"},
{"URL": "http://imdb.com/title/tt0107207/?pf_rd_m=A2FGELUUNOQJNL&pf_rd_p=2398042102&pf_rd_r=1J9ASDM62PN3VY1W42JH&pf_rd_s=center-1&pf_rd_t=15506&pf_rd_i=top&ref_=chttp_tt_192", "Rating": "8.1", "Movie_Rank": "192", "Release_Year": "(1993)", "Title": "In the Name of the Father"},
{"URL": "http://imdb.com/title/tt0092005/?pf_rd_m=A2FGELUUNOQJNL&pf_rd_p=2398042102&pf_rd_r=1J9ASDM62PN3VY1W42JH&pf_rd_s=center-1&pf_rd_t=15506&pf_rd_i=top&ref_=chttp_tt_193", "Rating": "8.1", "Movie_Rank": "193", "Release_Year": "(1986)", "Title": "Stand by Me"},
{"URL": "http://imdb.com/title/tt0053198/?pf_rd_m=A2FGELUUNOQJNL&pf_rd_p=2398042102&pf_rd_r=1J9ASDM62PN3VY1W42JH&pf_rd_s=center-1&pf_rd_t=15506&pf_rd_i=top&ref_=chttp_tt_194", "Rating": "8.1", "Movie_Rank": "194", "Release_Year": "(1959)", "Title": "The 400 Blows"},
{"URL": "http://imdb.com/title/tt0052618/?pf_rd_m=A2FGELUUNOQJNL&pf_rd_p=2398042102&pf_rd_r=1J9ASDM62PN3VY1W42JH&pf_rd_s=center-1&pf_rd_t=15506&pf_rd_i=top&ref_=chttp_tt_195", "Rating": "8.1", "Movie_Rank": "195", "Release_Year": "(1959)", "Title": "Ben-Hur"},
{"URL": "http://imdb.com/title/tt2278388/?pf_rd_m=A2FGELUUNOQJNL&pf_rd_p=2398042102&pf_rd_r=1J9ASDM62PN3VY1W42JH&pf_rd_s=center-1&pf_rd_t=15506&pf_rd_i=top&ref_=chttp_tt_196", "Rating": "8.1", "Movie_Rank": "196", "Release_Year": "(2014)", "Title": "The Grand Budapest Hotel"},
{"URL": "http://imdb.com/title/tt1392190/?pf_rd_m=A2FGELUUNOQJNL&pf_rd_p=2398042102&pf_rd_r=1J9ASDM62PN3VY1W42JH&pf_rd_s=center-1&pf_rd_t=15506&pf_rd_i=top&ref_=chttp_tt_197", "Rating": "8.1", "Movie_Rank": "197", "Release_Year": "(2015)", "Title": "Mad Max: Fury Road"},
{"URL": "http://imdb.com/title/tt1895587/?pf_rd_m=A2FGELUUNOQJNL&pf_rd_p=2398042102&pf_rd_r=1J9ASDM62PN3VY1W42JH&pf_rd_s=center-1&pf_rd_t=15506&pf_rd_i=top&ref_=chttp_tt_198", "Rating": "8.1", "Movie_Rank": "198", "Release_Year": "(2015)", "Title": "Spotlight"},
{"URL": "http://imdb.com/title/tt2024544/?pf_rd_m=A2FGELUUNOQJNL&pf_rd_p=2398042102&pf_rd_r=1J9ASDM62PN3VY1W42JH&pf_rd_s=center-1&pf_rd_t=15506&pf_rd_i=top&ref_=chttp_tt_199", "Rating": "8.1", "Movie_Rank": "199", "Release_Year": "(2013)", "Title": "12 Years a Slave"},
{"URL": "http://imdb.com/title/tt0060827/?pf_rd_m=A2FGELUUNOQJNL&pf_rd_p=2398042102&pf_rd_r=1J9ASDM62PN3VY1W42JH&pf_rd_s=center-1&pf_rd_t=15506&pf_rd_i=top&ref_=chttp_tt_200", "Rating": "8.1", "Movie_Rank": "200", "Release_Year": "(1966)", "Title": "Persona"},
{"URL": "http://imdb.com/title/tt0405159/?pf_rd_m=A2FGELUUNOQJNL&pf_rd_p=2398042102&pf_rd_r=1J9ASDM62PN3VY1W42JH&pf_rd_s=center-1&pf_rd_t=15506&pf_rd_i=top&ref_=chttp_tt_201", "Rating": "8.1", "Movie_Rank": "201", "Release_Year": "(2004)", "Title": "Million Dollar Baby"},
{"URL": "http://imdb.com/title/tt0064115/?pf_rd_m=A2FGELUUNOQJNL&pf_rd_p=2398042102&pf_rd_r=1J9ASDM62PN3VY1W42JH&pf_rd_s=center-1&pf_rd_t=15506&pf_rd_i=top&ref_=chttp_tt_202", "Rating": "8.1", "Movie_Rank": "202", "Release_Year": "(1969)", "Title": "Butch Cassidy and the Sundance Kid"},
{"URL": "http://imdb.com/title/tt0107290/?pf_rd_m=A2FGELUUNOQJNL&pf_rd_p=2398042102&pf_rd_r=1J9ASDM62PN3VY1W42JH&pf_rd_s=center-1&pf_rd_t=15506&pf_rd_i=top&ref_=chttp_tt_203", "Rating": "8.1", "Movie_Rank": "203", "Release_Year": "(1993)", "Title": "Jurassic Park"},
{"URL": "http://imdb.com/title/tt0353969/?pf_rd_m=A2FGELUUNOQJNL&pf_rd_p=2398042102&pf_rd_r=1J9ASDM62PN3VY1W42JH&pf_rd_s=center-1&pf_rd_t=15506&pf_rd_i=top&ref_=chttp_tt_204", "Rating": "8.1", "Movie_Rank": "204", "Release_Year": "(2003)", "Title": "Memories of Murder"},
{"URL": "http://imdb.com/title/tt0245712/?pf_rd_m=A2FGELUUNOQJNL&pf_rd_p=2398042102&pf_rd_r=1J9ASDM62PN3VY1W42JH&pf_rd_s=center-1&pf_rd_t=15506&pf_rd_i=top&ref_=chttp_tt_205", "Rating": "8.1", "Movie_Rank": "205", "Release_Year": "(2000)", "Title": "Amores Perros"},
{"URL": "http://imdb.com/title/tt0374887/?pf_rd_m=A2FGELUUNOQJNL&pf_rd_p=2398042102&pf_rd_r=1J9ASDM62PN3VY1W42JH&pf_rd_s=center-1&pf_rd_t=15506&pf_rd_i=top&ref_=chttp_tt_206", "Rating": "8.1", "Movie_Rank": "206", "Release_Year": "(2003)", "Title": "Munna Bhai M.B.B.S."},
{"URL": "http://imdb.com/title/tt0033870/?pf_rd_m=A2FGELUUNOQJNL&pf_rd_p=2398042102&pf_rd_r=1J9ASDM62PN3VY1W42JH&pf_rd_s=center-1&pf_rd_t=15506&pf_rd_i=top&ref_=chttp_tt_207", "Rating": "8.1", "Movie_Rank": "207", "Release_Year": "(1941)", "Title": "The Maltese Falcon"},
{"URL": "http://imdb.com/title/tt0079944/?pf_rd_m=A2FGELUUNOQJNL&pf_rd_p=2398042102&pf_rd_r=1J9ASDM62PN3VY1W42JH&pf_rd_s=center-1&pf_rd_t=15506&pf_rd_i=top&ref_=chttp_tt_208", "Rating": "8.1", "Movie_Rank": "208", "Release_Year": "(1979)", "Title": "Stalker"},
{"URL": "http://imdb.com/title/tt0050783/?pf_rd_m=A2FGELUUNOQJNL&pf_rd_p=2398042102&pf_rd_r=1J9ASDM62PN3VY1W42JH&pf_rd_s=center-1&pf_rd_t=15506&pf_rd_i=top&ref_=chttp_tt_209", "Rating": "8.1", "Movie_Rank": "209", "Release_Year": "(1957)", "Title": "The Nights of Cabiria"},
{"URL": "http://imdb.com/title/tt0120382/?pf_rd_m=A2FGELUUNOQJNL&pf_rd_p=2398042102&pf_rd_r=1J9ASDM62PN3VY1W42JH&pf_rd_s=center-1&pf_rd_t=15506&pf_rd_i=top&ref_=chttp_tt_210", "Rating": "8.1", "Movie_Rank": "210", "Release_Year": "(1998)", "Title": "The Truman Show"},
{"URL": "http://imdb.com/title/tt1028532/?pf_rd_m=A2FGELUUNOQJNL&pf_rd_p=2398042102&pf_rd_r=1J9ASDM62PN3VY1W42JH&pf_rd_s=center-1&pf_rd_t=15506&pf_rd_i=top&ref_=chttp_tt_211", "Rating": "8.1", "Movie_Rank": "211", "Release_Year": "(2009)", "Title": "Hachi: A Dog's Tale"},
{"URL": "http://imdb.com/title/tt0093779/?pf_rd_m=A2FGELUUNOQJNL&pf_rd_p=2398042102&pf_rd_r=1J9ASDM62PN3VY1W42JH&pf_rd_s=center-1&pf_rd_t=15506&pf_rd_i=top&ref_=chttp_tt_212", "Rating": "8.1", "Movie_Rank": "212", "Release_Year": "(1987)", "Title": "The Princess Bride"},
{"URL": "http://imdb.com/title/tt0087544/?pf_rd_m=A2FGELUUNOQJNL&pf_rd_p=2398042102&pf_rd_r=1J9ASDM62PN3VY1W42JH&pf_rd_s=center-1&pf_rd_t=15506&pf_rd_i=top&ref_=chttp_tt_213", "Rating": "8.1", "Movie_Rank": "213", "Release_Year": "(1984)", "Title": "Nausica\u00e4 of the Valley of the Wind"},
{"URL": "http://imdb.com/title/tt0112471/?pf_rd_m=A2FGELUUNOQJNL&pf_rd_p=2398042102&pf_rd_r=1J9ASDM62PN3VY1W42JH&pf_rd_s=center-1&pf_rd_t=15506&pf_rd_i=top&ref_=chttp_tt_214", "Rating": "8.0", "Movie_Rank": "214", "Release_Year": "(1995)", "Title": "Before Sunrise"},
{"URL": "http://imdb.com/title/tt2488496/?pf_rd_m=A2FGELUUNOQJNL&pf_rd_p=2398042102&pf_rd_r=1J9ASDM62PN3VY1W42JH&pf_rd_s=center-1&pf_rd_t=15506&pf_rd_i=top&ref_=chttp_tt_215", "Rating": "8.0", "Movie_Rank": "215", "Release_Year": "(2015)", "Title": "Star Wars: The Force Awakens"},
{"URL": "http://imdb.com/title/tt0073707/?pf_rd_m=A2FGELUUNOQJNL&pf_rd_p=2398042102&pf_rd_r=1J9ASDM62PN3VY1W42JH&pf_rd_s=center-1&pf_rd_t=15506&pf_rd_i=top&ref_=chttp_tt_216", "Rating": "8.0", "Movie_Rank": "216", "Release_Year": "(1975)", "Title": "Sholay"},
{"URL": "http://imdb.com/title/tt0032551/?pf_rd_m=A2FGELUUNOQJNL&pf_rd_p=2398042102&pf_rd_r=1J9ASDM62PN3VY1W42JH&pf_rd_s=center-1&pf_rd_t=15506&pf_rd_i=top&ref_=chttp_tt_217", "Rating": "8.0", "Movie_Rank": "217", "Release_Year": "(1940)", "Title": "The Grapes of Wrath"},
{"URL": "http://imdb.com/title/tt1201607/?pf_rd_m=A2FGELUUNOQJNL&pf_rd_p=2398042102&pf_rd_r=1J9ASDM62PN3VY1W42JH&pf_rd_s=center-1&pf_rd_t=15506&pf_rd_i=top&ref_=chttp_tt_218", "Rating": "8.0", "Movie_Rank": "218", "Release_Year": "(2011)", "Title": "Harry Potter and the Deathly Hallows: Part 2"},
{"URL": "http://imdb.com/title/tt0075148/?pf_rd_m=A2FGELUUNOQJNL&pf_rd_p=2398042102&pf_rd_r=1J9ASDM62PN3VY1W42JH&pf_rd_s=center-1&pf_rd_t=15506&pf_rd_i=top&ref_=chttp_tt_219", "Rating": "8.0", "Movie_Rank": "219", "Release_Year": "(1976)", "Title": "Rocky"},
{"URL": "http://imdb.com/title/tt1392214/?pf_rd_m=A2FGELUUNOQJNL&pf_rd_p=2398042102&pf_rd_r=1J9ASDM62PN3VY1W42JH&pf_rd_s=center-1&pf_rd_t=15506&pf_rd_i=top&ref_=chttp_tt_220", "Rating": "8.0", "Movie_Rank": "220", "Release_Year": "(2013)", "Title": "Prisoners"},
{"URL": "http://imdb.com/title/tt0052311/?pf_rd_m=A2FGELUUNOQJNL&pf_rd_p=2398042102&pf_rd_r=1J9ASDM62PN3VY1W42JH&pf_rd_s=center-1&pf_rd_t=15506&pf_rd_i=top&ref_=chttp_tt_221", "Rating": "8.0", "Movie_Rank": "221", "Release_Year": "(1958)", "Title": "Touch of Evil"},
{"URL": "http://imdb.com/title/tt0083987/?pf_rd_m=A2FGELUUNOQJNL&pf_rd_p=2398042102&pf_rd_r=1J9ASDM62PN3VY1W42JH&pf_rd_s=center-1&pf_rd_t=15506&pf_rd_i=top&ref_=chttp_tt_222", "Rating": "8.0", "Movie_Rank": "222", "Release_Year": "(1982)", "Title": "Gandhi"},
{"URL": "http://imdb.com/title/tt0046911/?pf_rd_m=A2FGELUUNOQJNL&pf_rd_p=2398042102&pf_rd_r=1J9ASDM62PN3VY1W42JH&pf_rd_s=center-1&pf_rd_t=15506&pf_rd_i=top&ref_=chttp_tt_223", "Rating": "8.0", "Movie_Rank": "223", "Release_Year": "(1955)", "Title": "Diabolique"},
{"URL": "http://imdb.com/title/tt0075686/?pf_rd_m=A2FGELUUNOQJNL&pf_rd_p=2398042102&pf_rd_r=1J9ASDM62PN3VY1W42JH&pf_rd_s=center-1&pf_rd_t=15506&pf_rd_i=top&ref_=chttp_tt_224", "Rating": "8.0", "Movie_Rank": "224", "Release_Year": "(1977)", "Title": "Annie Hall"},
{"URL": "http://imdb.com/title/tt0264464/?pf_rd_m=A2FGELUUNOQJNL&pf_rd_p=2398042102&pf_rd_r=1J9ASDM62PN3VY1W42JH&pf_rd_s=center-1&pf_rd_t=15506&pf_rd_i=top&ref_=chttp_tt_225", "Rating": "8.0", "Movie_Rank": "225", "Release_Year": "(2002)", "Title": "Catch Me If You Can"},
{"URL": "http://imdb.com/title/tt0246578/?pf_rd_m=A2FGELUUNOQJNL&pf_rd_p=2398042102&pf_rd_r=1J9ASDM62PN3VY1W42JH&pf_rd_s=center-1&pf_rd_t=15506&pf_rd_i=top&ref_=chttp_tt_226", "Rating": "8.0", "Movie_Rank": "226", "Release_Year": "(2001)", "Title": "Donnie Darko"},
{"URL": "http://imdb.com/title/tt0198781/?pf_rd_m=A2FGELUUNOQJNL&pf_rd_p=2398042102&pf_rd_r=1J9ASDM62PN3VY1W42JH&pf_rd_s=center-1&pf_rd_t=15506&pf_rd_i=top&ref_=chttp_tt_227", "Rating": "8.0", "Movie_Rank": "227", "Release_Year": "(2001)", "Title": "Monsters, Inc."},
{"URL": "http://imdb.com/title/tt0242519/?pf_rd_m=A2FGELUUNOQJNL&pf_rd_p=2398042102&pf_rd_r=1J9ASDM62PN3VY1W42JH&pf_rd_s=center-1&pf_rd_t=15506&pf_rd_i=top&ref_=chttp_tt_228", "Rating": "8.0", "Movie_Rank": "228", "Release_Year": "(2000)", "Title": "Hera Pheri"},
{"URL": "http://imdb.com/title/tt0440963/?pf_rd_m=A2FGELUUNOQJNL&pf_rd_p=2398042102&pf_rd_r=1J9ASDM62PN3VY1W42JH&pf_rd_s=center-1&pf_rd_t=15506&pf_rd_i=top&ref_=chttp_tt_229", "Rating": "8.0", "Movie_Rank": "229", "Release_Year": "(2007)", "Title": "The Bourne Ultimatum"},
{"URL": "http://imdb.com/title/tt0088247/?pf_rd_m=A2FGELUUNOQJNL&pf_rd_p=2398042102&pf_rd_r=1J9ASDM62PN3VY1W42JH&pf_rd_s=center-1&pf_rd_t=15506&pf_rd_i=top&ref_=chttp_tt_230", "Rating": "8.0", "Movie_Rank": "230", "Release_Year": "(1984)", "Title": "The Terminator"},
{"URL": "http://imdb.com/title/tt0056801/?pf_rd_m=A2FGELUUNOQJNL&pf_rd_p=2398042102&pf_rd_r=1J9ASDM62PN3VY1W42JH&pf_rd_s=center-1&pf_rd_t=15506&pf_rd_i=top&ref_=chttp_tt_231", "Rating": "8.0", "Movie_Rank": "231", "Release_Year": "(1963)", "Title": "8\u00bd"},
{"URL": "http://imdb.com/title/tt0032138/?pf_rd_m=A2FGELUUNOQJNL&pf_rd_p=2398042102&pf_rd_r=1J9ASDM62PN3VY1W42JH&pf_rd_s=center-1&pf_rd_t=15506&pf_rd_i=top&ref_=chttp_tt_232", "Rating": "8.0", "Movie_Rank": "232", "Release_Year": "(1939)", "Title": "The Wizard of Oz"},
{"URL": "http://imdb.com/title/tt0107048/?pf_rd_m=A2FGELUUNOQJNL&pf_rd_p=2398042102&pf_rd_r=1J9ASDM62PN3VY1W42JH&pf_rd_s=center-1&pf_rd_t=15506&pf_rd_i=top&ref_=chttp_tt_233", "Rating": "8.0", "Movie_Rank": "233", "Release_Year": "(1993)", "Title": "Groundhog Day"},
{"URL": "http://imdb.com/title/tt0072684/?pf_rd_m=A2FGELUUNOQJNL&pf_rd_p=2398042102&pf_rd_r=1J9ASDM62PN3VY1W42JH&pf_rd_s=center-1&pf_rd_t=15506&pf_rd_i=top&ref_=chttp_tt_234", "Rating": "8.0", "Movie_Rank": "234", "Release_Year": "(1975)", "Title": "Barry Lyndon"},
{"URL": "http://imdb.com/title/tt0113247/?pf_rd_m=A2FGELUUNOQJNL&pf_rd_p=2398042102&pf_rd_r=1J9ASDM62PN3VY1W42JH&pf_rd_s=center-1&pf_rd_t=15506&pf_rd_i=top&ref_=chttp_tt_235", "Rating": "8.0", "Movie_Rank": "235", "Release_Year": "(1995)", "Title": "La Haine"},
{"URL": "http://imdb.com/title/tt0114746/?pf_rd_m=A2FGELUUNOQJNL&pf_rd_p=2398042102&pf_rd_r=1J9ASDM62PN3VY1W42JH&pf_rd_s=center-1&pf_rd_t=15506&pf_rd_i=top&ref_=chttp_tt_236", "Rating": "8.0", "Movie_Rank": "236", "Release_Year": "(1995)", "Title": "Twelve Monkeys"},
{"URL": "http://imdb.com/title/tt0073195/?pf_rd_m=A2FGELUUNOQJNL&pf_rd_p=2398042102&pf_rd_r=1J9ASDM62PN3VY1W42JH&pf_rd_s=center-1&pf_rd_t=15506&pf_rd_i=top&ref_=chttp_tt_237", "Rating": "8.0", "Movie_Rank": "237", "Release_Year": "(1975)", "Title": "Jaws"},
{"URL": "http://imdb.com/title/tt0338564/?pf_rd_m=A2FGELUUNOQJNL&pf_rd_p=2398042102&pf_rd_r=1J9ASDM62PN3VY1W42JH&pf_rd_s=center-1&pf_rd_t=15506&pf_rd_i=top&ref_=chttp_tt_238", "Rating": "8.0", "Movie_Rank": "238", "Release_Year": "(2002)", "Title": "Infernal Affairs"},
{"URL": "http://imdb.com/title/tt0036868/?pf_rd_m=A2FGELUUNOQJNL&pf_rd_p=2398042102&pf_rd_r=1J9ASDM62PN3VY1W42JH&pf_rd_s=center-1&pf_rd_t=15506&pf_rd_i=top&ref_=chttp_tt_239", "Rating": "8.0", "Movie_Rank": "239", "Release_Year": "(1946)", "Title": "The Best Years of Our Lives"},
{"URL": "http://imdb.com/title/tt1954470/?pf_rd_m=A2FGELUUNOQJNL&pf_rd_p=2398042102&pf_rd_r=1J9ASDM62PN3VY1W42JH&pf_rd_s=center-1&pf_rd_t=15506&pf_rd_i=top&ref_=chttp_tt_240", "Rating": "8.0", "Movie_Rank": "240", "Release_Year": "(2012)", "Title": "Gangs of Wasseypur"},
{"URL": "http://imdb.com/title/tt1454029/?pf_rd_m=A2FGELUUNOQJNL&pf_rd_p=2398042102&pf_rd_r=1J9ASDM62PN3VY1W42JH&pf_rd_s=center-1&pf_rd_t=15506&pf_rd_i=top&ref_=chttp_tt_241", "Rating": "8.0", "Movie_Rank": "241", "Release_Year": "(2011)", "Title": "The Help"},
{"URL": "http://imdb.com/title/tt0101414/?pf_rd_m=A2FGELUUNOQJNL&pf_rd_p=2398042102&pf_rd_r=1J9ASDM62PN3VY1W42JH&pf_rd_s=center-1&pf_rd_t=15506&pf_rd_i=top&ref_=chttp_tt_242", "Rating": "8.0", "Movie_Rank": "242", "Release_Year": "(1991)", "Title": "Beauty and the Beast"},
{"URL": "http://imdb.com/title/tt0058946/?pf_rd_m=A2FGELUUNOQJNL&pf_rd_p=2398042102&pf_rd_r=1J9ASDM62PN3VY1W42JH&pf_rd_s=center-1&pf_rd_t=15506&pf_rd_i=top&ref_=chttp_tt_243", "Rating": "8.0", "Movie_Rank": "243", "Release_Year": "(1966)", "Title": "The Battle of Algiers"},
{"URL": "http://imdb.com/title/tt0072890/?pf_rd_m=A2FGELUUNOQJNL&pf_rd_p=2398042102&pf_rd_r=1J9ASDM62PN3VY1W42JH&pf_rd_s=center-1&pf_rd_t=15506&pf_rd_i=top&ref_=chttp_tt_244", "Rating": "8.0", "Movie_Rank": "244", "Release_Year": "(1975)", "Title": "Dog Day Afternoon"},
{"URL": "http://imdb.com/title/tt0118694/?pf_rd_m=A2FGELUUNOQJNL&pf_rd_p=2398042102&pf_rd_r=1J9ASDM62PN3VY1W42JH&pf_rd_s=center-1&pf_rd_t=15506&pf_rd_i=top&ref_=chttp_tt_245", "Rating": "8.0", "Movie_Rank": "245", "Release_Year": "(2000)", "Title": "In the Mood for Love"},
{"URL": "http://imdb.com/title/tt0325980/?pf_rd_m=A2FGELUUNOQJNL&pf_rd_p=2398042102&pf_rd_r=1J9ASDM62PN3VY1W42JH&pf_rd_s=center-1&pf_rd_t=15506&pf_rd_i=top&ref_=chttp_tt_246", "Rating": "8.0", "Movie_Rank": "246", "Release_Year": "(2003)", "Title": "Pirates of the Caribbean: The Curse of the Black Pearl"},
{"URL": "http://imdb.com/title/tt0056687/?pf_rd_m=A2FGELUUNOQJNL&pf_rd_p=2398042102&pf_rd_r=1J9ASDM62PN3VY1W42JH&pf_rd_s=center-1&pf_rd_t=15506&pf_rd_i=top&ref_=chttp_tt_247", "Rating": "8.0", "Movie_Rank": "247", "Release_Year": "(1962)", "Title": "What Ever Happened to Baby Jane?"},
{"URL": "http://imdb.com/title/tt2338151/?pf_rd_m=A2FGELUUNOQJNL&pf_rd_p=2398042102&pf_rd_r=1J9ASDM62PN3VY1W42JH&pf_rd_s=center-1&pf_rd_t=15506&pf_rd_i=top&ref_=chttp_tt_248", "Rating": "8.0", "Movie_Rank": "248", "Release_Year": "(2014)", "Title": "PK"},
{"URL": "http://imdb.com/title/tt0087884/?pf_rd_m=A2FGELUUNOQJNL&pf_rd_p=2398042102&pf_rd_r=1J9ASDM62PN3VY1W42JH&pf_rd_s=center-1&pf_rd_t=15506&pf_rd_i=top&ref_=chttp_tt_249", "Rating": "8.0", "Movie_Rank": "249", "Release_Year": "(1984)", "Title": "Paris, Texas"},
{"URL": "http://imdb.com/title/tt0169102/?pf_rd_m=A2FGELUUNOQJNL&pf_rd_p=2398042102&pf_rd_r=1J9ASDM62PN3VY1W42JH&pf_rd_s=center-1&pf_rd_t=15506&pf_rd_i=top&ref_=chttp_tt_250", "Rating": "8.0", "Movie_Rank": "250", "Release_Year": "(2001)", "Title": "Lagaan: Once Upon a Time in India"},
{"Average is": 8.0}
]