[
{"URL": "https://stackoverflow.com/questions/questions/44973679/post-processing-the-heatmap-in-python-or-imagemagick", "Question": "Post-processing the heatmap in python or ImageMagick"},
{"URL": "https://stackoverflow.com/questions/questions/44973658/regex-to-match-punctuation-followed-by-space-with-some-exceptions", "Question": "Regex to match punctuation followed by space with some exceptions"},
{"URL": "https://stackoverflow.com/questions/questions/44973564/how-to-escape-pymysql-select-for-like-keyword-or-keyword-condition", "Question": "How to escape PyMySQL select for LIKE %keyword or keyword% condition"},
{"URL": "https://stackoverflow.com/questions/questions/44950998/modify-a-tensor", "Question": "Modify a tensor"},
{"URL": "https://stackoverflow.com/questions/questions/44919761/random-forest-how-can-i-predict-one-value-of-a-parameter", "Question": "Random Forest how can I predict one value of a parameter"},
{"URL": "https://stackoverflow.com/questions/questions/44973560/classifying-images-using-adjusted-cnn-tutorial-system-is-jumbling-the-output", "Question": "Classifying images using adjusted CNN tutorial - system is jumbling the output"},
{"URL": "https://stackoverflow.com/questions/questions/44973521/making-a-block-pyramid-on-python", "Question": "Making a block pyramid on Python"},
{"URL": "https://stackoverflow.com/questions/questions/44973518/error-installing-tensorflow-cpu-only-windows-8-1-python-3-5-2", "Question": "Error installing Tensorflow CPU-only Windows 8.1 Python 3.5.2"},
{"URL": "https://stackoverflow.com/questions/questions/44973512/image-clustering-according-to-the-events", "Question": "Image Clustering According to the Events"},
{"URL": "https://stackoverflow.com/questions/questions/44973503/pandas-dataframe-cutting-off-extra-digits-from-excel-import", "Question": "Pandas Dataframe cutting off extra digits from excel import"},
{"URL": "https://stackoverflow.com/questions/questions/44950797/how-to-use-gaussian-process-for-classification", "Question": "How to use Gaussian process for classification"},
{"URL": "https://stackoverflow.com/questions/questions/44950343/xcode-doesnt-recognise-core-ml-model-files", "Question": "XCode doesn't recognise Core ML model files"},
{"URL": "https://stackoverflow.com/questions/questions/44950234/python-opencv2-svm-get-scores-instead-of-yes-no-responses", "Question": "Python OpenCV2 SVM get scores instead of yes/no responses"},
{"URL": "https://stackoverflow.com/questions/questions/44949920/export-last-trial-from-c5-0-model", "Question": "Export last trial from C5.0 model"},
{"URL": "https://stackoverflow.com/questions/questions/44949292/is-there-a-difference-between-activations-functions-in-tensorflow-tf-nn-tanh-vs", "Question": "Is there a difference between activations functions in tensorflow? tf.nn.tanh vs tf.tanh"},
{"URL": "https://stackoverflow.com/questions/questions/44949058/tensorflow-model-for-image-similarity-detection", "Question": "Tensorflow Model for Image similarity detection"},
{"URL": "https://stackoverflow.com/questions/questions/44919621/how-do-you-train-lstms-on-time-series-data-with-too-many-time-steps", "Question": "How do you train LSTMs on time series data with too many time steps?"},
{"URL": "https://stackoverflow.com/questions/questions/44919338/do-generative-adversarial-networks-require-class-labels", "Question": "Do generative adversarial networks require class labels?"},
{"URL": "https://stackoverflow.com/questions/questions/44918541/machine-learning-directional-forecast", "Question": "Machine Learning Directional Forecast [on hold]"},
{"URL": "https://stackoverflow.com/questions/questions/44918516/is-it-possible-to-train-machine-learning-model-on-multiple-cores-in-python", "Question": "Is it possible to train machine learning model on multiple cores in python? [on hold]"},
{"URL": "https://stackoverflow.com/questions/questions/44918438/valueerror-chunks-and-shape-must-be-of-the-same-length-dimension", "Question": "ValueError: Chunks and shape must be of the same length/dimension"},
{"URL": "https://stackoverflow.com/questions/questions/44973497/how-to-step-into-code-that-is-executed-from-within-pdb", "Question": "How to step into code that is executed from within PDB?"},
{"URL": "https://stackoverflow.com/questions/questions/44973484/efficient-way-to-run-a-function-over-the-columns-of-a-pandas-dataframe", "Question": "Efficient way to run a function over the columns of a pandas Dataframe?"},
{"URL": "https://stackoverflow.com/questions/questions/44973469/problems-with-calculating-linear-regression-for-individual-cells-in-a-column-in", "Question": "Problems with calculating linear regression for individual cells in a column in pandas"},
{"URL": "https://stackoverflow.com/questions/questions/44973462/tensorflow-training-with-supervisor", "Question": "Tensorflow training with Supervisor"},
{"URL": "https://stackoverflow.com/questions/questions/44973445/sikuli-python-region-text", "Question": "Sikuli - Python: Region.text()"},
{"URL": "https://stackoverflow.com/questions/questions/44947767/train-a-text-model-to-predict-true-or-false", "Question": "Train a text model to predict true or false"},
{"URL": "https://stackoverflow.com/questions/questions/44947619/facenet-for-dummies", "Question": "FaceNet for dummies"},
{"URL": "https://stackoverflow.com/questions/questions/44947373/impute-missing-values-machine-learning-algorithm", "Question": "Impute missing values - Machine Learning algorithm"},
{"URL": "https://stackoverflow.com/questions/questions/44947231/how-to-feed-a-tensorarray-to-a-tensorflow-session", "Question": "How to feed a TensorArray to a TensorFlow session"},
{"URL": "https://stackoverflow.com/questions/questions/44947104/mxnet-label-shapes-dont-match-names-specified-by-label-names", "Question": "MxNet: label_shapes don't match names specified by label_names"},
{"URL": "https://stackoverflow.com/questions/questions/44918222/can-anybody-help-me-to-recommend-appropriate-algorithms-to-find-the-distance-sim", "Question": "Can anybody help me to recommend appropriate algorithms to find the distance/similarity among the user tags?"},
{"URL": "https://stackoverflow.com/questions/questions/44918180/how-does-zca-whitening-affect-the-training", "Question": "How does ZCA whitening affect the training?"},
{"URL": "https://stackoverflow.com/questions/questions/44917113/how-to-make-align-file", "Question": "How to make align file?"},
{"URL": "https://stackoverflow.com/questions/questions/44916914/weka-j48-classification-not-following-tree", "Question": "Weka J48 classification not following tree"},
{"URL": "https://stackoverflow.com/questions/questions/44916868/how-to-convert-the-following-pkl-file-into-a-core-ml-model", "Question": "How to Convert the following .pkl file into a Core ML model"},
{"URL": "https://stackoverflow.com/questions/questions/44916703/tensorflow-simple-feed-forward-nn-not-training", "Question": "TensorFlow - Simple Feed Forward NN not training"},
{"URL": "https://stackoverflow.com/questions/questions/44973345/pygame-not-registering-mousebuttondown-event", "Question": "Pygame not registering MOUSEBUTTONDOWN event"},
{"URL": "https://stackoverflow.com/questions/questions/44973315/how-to-blend-an-image-into-a-background-in-pyqt5", "Question": "How to blend an image into a background in PyQt5"},
{"URL": "https://stackoverflow.com/questions/questions/44973210/division-of-a-pandas-data-frame-without-the-same-length", "Question": "Division of a pandas data frame without the same length"},
{"URL": "https://stackoverflow.com/questions/questions/44973087/is-it-possible-to-create-dataframe-with-sub-headers-in-pandas", "Question": "Is it possible to create dataframe with sub-headers in Pandas?"},
{"URL": "https://stackoverflow.com/questions/questions/44972983/allowing-both-email-and-username-login-in-django-project", "Question": "Allowing both email and username login in django project"},
{"URL": "https://stackoverflow.com/questions/questions/44946827/what-is-the-best-way-to-use-latitude-and-longitude-features-in-building-a-machin", "Question": "What is the best way to use Latitude and Longitude features in building a Machine Learning models?"},
{"URL": "https://stackoverflow.com/questions/questions/44946588/keras-lstm-model-input-and-output-dimensions-mismatch", "Question": "keras LSTM model input and output dimensions mismatch"},
{"URL": "https://stackoverflow.com/questions/questions/44945850/installing-data-science-packages-to-vanilla-python", "Question": "Installing data science packages to vanilla python"},
{"URL": "https://stackoverflow.com/questions/questions/44945809/having-trouble-structuring-tensorflow-model-class", "Question": "Having trouble structuring tensorflow model class"},
{"URL": "https://stackoverflow.com/questions/questions/44945313/how-to-config-hidden-layers-in-dnnclassifier", "Question": "How to config Hidden Layers in DNNClassifier"},
{"URL": "https://stackoverflow.com/questions/questions/44916391/how-to-get-or-see-xgboosts-gradient-statistics-value", "Question": "How to get or see xgboost's gradient statistics value?"},
{"URL": "https://stackoverflow.com/questions/questions/44915284/why-does-my-implementation-of-linear-regression-in-tensorflow-done-on-ames-housi", "Question": "Why does my implementation of linear regression in Tensorflow done on Ames Housing dataset converge very very slowly?"},
{"URL": "https://stackoverflow.com/questions/questions/44915145/coursera-ml-does-the-choice-of-optimization-algorithm-affect-the-accuracy-of-m", "Question": "Coursera ML - Does the choice of optimization algorithm affect the accuracy of multiclass logistic regression?"},
{"URL": "https://stackoverflow.com/questions/questions/44915004/scoring-predictions-in-sklearn-python-machine-learning", "Question": "Scoring predictions in sklearn (Python machine learning)"},
{"URL": "https://stackoverflow.com/questions/questions/44914667/fitting-parameters-to-the-mackey-glass-equation", "Question": "Fitting parameters to the Mackey-Glass Equation?"},
{"URL": "https://stackoverflow.com/questions/questions/44972971/difficulty-in-updating-csv-file", "Question": "difficulty in updating csv file"},
{"URL": "https://stackoverflow.com/questions/questions/44972947/is-there-a-better-way-to-set-a-gcloud-project-in-a-directory", "Question": "Is there a better way to set a gcloud project in a directory?"},
{"URL": "https://stackoverflow.com/questions/questions/44972922/can-someone-help-me-point-out-my-error-here", "Question": "Can someone help me point out my error here?"},
{"URL": "https://stackoverflow.com/questions/questions/44972909/openerp-6-1-workflow-not-advance-to-the-next-state-some-times", "Question": "Openerp 6.1 Workflow not advance to the next state some times"},
{"URL": "https://stackoverflow.com/questions/questions/44972859/pyspark-getting-invocationtargetexception-when-converting-rdd-to-dataframe", "Question": "PYSPARK: getting InvocationTargetException when converting RDD to Dataframe"},
{"URL": "https://stackoverflow.com/questions/questions/44972799/explain-how-the-data-changes-shape-through-a-cnn-in-keras", "Question": "Explain how the data changes shape through a CNN in Keras"},
{"URL": "https://stackoverflow.com/questions/questions/44942551/anomaly-detection-with-machine-learning-without-labels", "Question": "Anomaly detection with machine learning without labels"},
{"URL": "https://stackoverflow.com/questions/questions/44942285/my-double-dqn-algorithm-for-2048-game-never-learns", "Question": "My Double DQN algorithm for 2048 game never learns"},
{"URL": "https://stackoverflow.com/questions/questions/44942236/not-initialized-variable-in-tensorflow", "Question": "Not initialized variable in tensorflow"},
{"URL": "https://stackoverflow.com/questions/questions/44941569/algorithms-for-friend-recommendations-in-social-networking", "Question": "Algorithms for friend recommendations in social networking [on hold]"},
{"URL": "https://stackoverflow.com/questions/questions/44941010/understanding-relative-sizes-using-machine-learning", "Question": "Understanding relative sizes using Machine Learning?"},
{"URL": "https://stackoverflow.com/questions/questions/44914194/anomaly-detection-between-similar-in-family-graphs-starting-at-different-times", "Question": "Anomaly detection between similar (in family) graphs starting at different times"},
{"URL": "https://stackoverflow.com/questions/questions/44914182/unexpected-coefficients-from-spark-multinomial-logistic-regression", "Question": "Unexpected coefficients from Spark multinomial Logistic Regression"},
{"URL": "https://stackoverflow.com/questions/questions/44913116/encong-is-it-possible-a-field-just-informative", "Question": "Encong: Is it possible a field just informative?"},
{"URL": "https://stackoverflow.com/questions/questions/44912525/how-can-i-use-sequentialfs-to-know-the-most-important-features-in-my-dataset", "Question": "How can i use sequentialfs to know the most important features in my dataset?"},
{"URL": "https://stackoverflow.com/questions/questions/44912332/btyd-palive-function", "Question": "BTYD PAlive function"},
{"URL": "https://stackoverflow.com/questions/questions/44911378/getting-started-with-keras-for-machine-learning", "Question": "Getting started with Keras for machine learning"},
{"URL": "https://stackoverflow.com/questions/questions/44910388/azure-ml-studio-terrible-performance", "Question": "azure ML studio terrible performance"},
{"URL": "https://stackoverflow.com/questions/questions/44972785/website-user-experience-and-user-activity-recording", "Question": "website user experience and user activity recording"},
{"URL": "https://stackoverflow.com/questions/questions/44972775/faster-index-retrieval-slicing-in-python-pandas", "Question": "faster index retrieval/slicing in python pandas"},
{"URL": "https://stackoverflow.com/questions/questions/44972753/kivy-browse-a-list-on-button-click", "Question": "Kivy browse a list on button click"},
{"URL": "https://stackoverflow.com/questions/questions/44972727/list-of-all-scheduled-tasks-using-python-in-aws-server", "Question": "List of all scheduled tasks using Python in AWS server"},
{"URL": "https://stackoverflow.com/questions/questions/44972719/increase-the-number-of-statically-nested-block", "Question": "Increase the number of statically nested block"},
{"URL": "https://stackoverflow.com/questions/questions/44972710/use-a-class-to-set-parameters-in-another-class-python", "Question": "Use a Class to set parameters in another class - Python"},
{"URL": "https://stackoverflow.com/questions/questions/44972647/basic-python-looping-and-appending", "Question": "Basic Python looping and appending"},
{"URL": "https://stackoverflow.com/questions/questions/44940377/mnist-x-is-just-a-placeholder-how-is-data-from-mnist-going-into-the-placehold", "Question": "MNIST: x is just a placeholder , How is data from MNIST going into the placeholder x?"},
{"URL": "https://stackoverflow.com/questions/questions/44940437/tensor-momentumoptimizer", "Question": "Tensor MomentumOptimizer"},
{"URL": "https://stackoverflow.com/questions/questions/44939604/tools-or-and-tagging-images", "Question": "Tools or and tagging images?"},
{"URL": "https://stackoverflow.com/questions/questions/44939210/tensorflow-randomforest-vs-deep-learning", "Question": "TensorFlow RandomForest vs Deep learning"},
{"URL": "https://stackoverflow.com/questions/questions/44939209/good-resources-for-finding-intents-from-strings-using-nlp", "Question": "Good resources for finding intents from strings using NLP"},
{"URL": "https://stackoverflow.com/questions/questions/44937157/comparing-hdbscan-labels-with-soft-cluster-results", "Question": "Comparing HDBSCAN labels with soft cluster results"},
{"URL": "https://stackoverflow.com/questions/questions/44909134/how-to-avoid-overfitting-on-a-simple-feed-forward-network", "Question": "How to avoid overfitting on a simple feed forward network"},
{"URL": "https://stackoverflow.com/questions/questions/44908476/tensorflow-model-adversarial-text-doesnt-seem-to-work-for-rcv1-like-dataset", "Question": "Tensorflow model adversarial_text doesn't seem to work for rcv1 like dataset"},
{"URL": "https://stackoverflow.com/questions/questions/44908416/how-to-make-new-predictions-with-tensorflow-model", "Question": "How to make new predictions with tensorflow model? [on hold]"},
{"URL": "https://stackoverflow.com/questions/questions/44908255/visual-studio-issue-when-im-adding-the-statement-from-sklearn-import-prepro", "Question": "\u201cVisual Studio issue\u201d: When I'm adding the statement \u201cfrom sklearn import preprocessing\u201d the program learns endlessly in Visual Studio"},
{"URL": "https://stackoverflow.com/questions/questions/44908077/naive-bayesian-classifier-implementtion-in-python", "Question": "Naive Bayesian Classifier Implementtion In Python"},
{"URL": "https://stackoverflow.com/questions/questions/44907746/when-to-use-supervised-or-unsupervised-learning", "Question": "When to use supervised or unsupervised learning?"},
{"URL": "https://stackoverflow.com/questions/questions/44907562/how-to-compute-the-number-of-filters-and-their-size-with-tensorflow-in-convoluti", "Question": "How to compute the number of filters and their size with tensorflow in Convolutional neural network?"},
{"URL": "https://stackoverflow.com/questions/questions/44972642/permission-denied-running-python-script-with-the-shebang-line-in-linux", "Question": "Permission denied running python script with the shebang line in linux"},
{"URL": "https://stackoverflow.com/questions/questions/44972565/what-is-the-difference-between-the-predict-and-predict-on-batch-methods-of-a-ker", "Question": "What is the difference between the predict and predict_on_batch methods of a Keras model?"},
{"URL": "https://stackoverflow.com/questions/questions/44972525/pymysql-only-returns-query-correctly-first-time-round", "Question": "PyMySQL Only returns query correctly first time round"},
{"URL": "https://stackoverflow.com/questions/questions/44972514/pyqt5-closeevent-issue-with-matplotlib-figurecanvas", "Question": "pyqt5 closeEvent issue with matplotlib FigureCanvas"},
{"URL": "https://stackoverflow.com/questions/questions/44972502/otrs-and-pyotrs", "Question": "OTRS and PyOTRS"},
{"URL": "https://stackoverflow.com/questions/questions/44972501/init-a-namedtuple-from-a-dict-with-a-slightly-different-set-of-keys", "Question": "Init a namedtuple from a dict with a slightly different set of keys"},
{"URL": "https://stackoverflow.com/questions/questions/44937007/tensorflow-linearclassifier-always-guesses-negative-class", "Question": "Tensorflow LinearClassifier() always guesses negative class"},
{"URL": "https://stackoverflow.com/questions/questions/44936983/why-is-rmsprop-considered-leaky", "Question": "Why is RMSProp considered \u201cleaky\u201d?"},
{"URL": "https://stackoverflow.com/questions/questions/44935473/creating-anomaly-detection-using-machine-learning", "Question": "Creating anomaly detection using machine learning"},
{"URL": "https://stackoverflow.com/questions/questions/44935073/wekas-class-has-to-be-nominal-if-cost-matrix-given-error", "Question": "WEKA's \u201cClass has to be nominal if cost matrix given\u201d error"},
{"URL": "https://stackoverflow.com/questions/questions/44934040/how-to-call-modelcheckpoint-or-any-callback-explicitly-in-keras", "Question": "How to call ModelCheckpoint (or any callback) explicitly in Keras?"},
{"URL": "https://stackoverflow.com/questions/questions/44933555/machine-learning-how-to-convert-images-to-idx-formate-to-train-a-network", "Question": "Machine learning ::how to convert images to idx formate to train a network?"},
{"URL": "https://stackoverflow.com/questions/questions/44933170/web-service-expects-the-label-column-in-the-input-dataset", "Question": "web service expects the label column in the input dataset"},
{"URL": "https://stackoverflow.com/questions/questions/44907523/r-calculate-difference-between-similar-datasets", "Question": "R - Calculate difference between similar datasets"},
{"URL": "https://stackoverflow.com/questions/questions/44907377/what-is-epoch-in-keras-models-model-fit", "Question": "What is \u201cepoch\u201d in keras.models.Model.fit?"},
{"URL": "https://stackoverflow.com/questions/questions/44906588/using-relu-activation-function-destroys-the-model", "Question": "Using relu activation function destroys the model"},
{"URL": "https://stackoverflow.com/questions/questions/44905170/exception-ignored-in-function-weakvaluedictionary", "Question": "Exception ignored in: <function WeakValueDictionary"},
{"URL": "https://stackoverflow.com/questions/questions/44904420/incorrect-class-prediction-using-weka", "Question": "Incorrect class prediction using Weka"},
{"URL": "https://stackoverflow.com/questions/questions/44972484/get-first-business-day-of-last-month-in-panda-dataframe-column", "Question": "get first business day of last month in panda DataFrame column"},
{"URL": "https://stackoverflow.com/questions/questions/44972453/text-classification-with-lstm-network-and-keras", "Question": "Text classification with LSTM Network and Keras"},
{"URL": "https://stackoverflow.com/questions/questions/44972444/assigning-an-image-to-a-numpy-array-makes-colors-of-the-image-change", "Question": "Assigning an image to a numpy array makes colors of the image change"},
{"URL": "https://stackoverflow.com/questions/questions/44972442/code-swap-how-would-i-swap-the-value-of-one-csv-file-column-to-another", "Question": "Code swap. How would I swap the value of one CSV file column to another?"},
{"URL": "https://stackoverflow.com/questions/questions/44972439/concatenate-parts-of-files-in-python", "Question": "Concatenate parts of files in Python"},
{"URL": "https://stackoverflow.com/questions/questions/44972420/how-to-get-the-list-of-hosts-listening-on-a-particular-que-in-celery", "Question": "How to get the list of hosts listening on a particular Que in Celery?"},
{"URL": "https://stackoverflow.com/questions/questions/44932870/trained-tensorflow-model-always-outputs-zero", "Question": "Trained TensorFlow model always outputs zero"},
{"URL": "https://stackoverflow.com/questions/questions/44932469/optimizer-tuning-in-sklearn-gaussian-process-regressor", "Question": "Optimizer Tuning in sklearn Gaussian Process Regressor"},
{"URL": "https://stackoverflow.com/questions/questions/44931431/links-for-hands-on-data-mining-neural-network-tutorials-for-a-computer-enginee", "Question": "Links for hands-on data mining / neural network tutorials for a computer engineering student? (Beginner at data sciences) [on hold]"},
{"URL": "https://stackoverflow.com/questions/questions/44931216/tensorflow-image-reading-queue-empty", "Question": "TensorFlow image reading queue empty"},
{"URL": "https://stackoverflow.com/questions/questions/44930905/can-i-retrain-inceptions-final-layer-using-depth-images-from-kinect", "Question": "Can i Retrain Inception's Final Layer using depth images from Kinect.?"},
{"URL": "https://stackoverflow.com/questions/questions/44903535/matching-tv-and-movie-file-names-with-nlp-machine-learning", "Question": "Matching TV and Movie File names with NLP/Machine Learning?"},
{"URL": "https://stackoverflow.com/questions/questions/44903503/keras-lstm-injecting-already-known-future-values-into-prediction", "Question": "Keras LSTM: Injecting already-known *future* values into prediction"},
{"URL": "https://stackoverflow.com/questions/questions/44903189/what-does-graph-argument-in-tf-session-do", "Question": "What does graph argument in tf.Session() do?"},
{"URL": "https://stackoverflow.com/questions/questions/44903048/feature-selection-in-multiclass-logistic-regression-in-python", "Question": "feature selection in multiclass logistic regression in python"},
{"URL": "https://stackoverflow.com/questions/questions/44902730/email-address-prediction", "Question": "Email Address Prediction"},
{"URL": "https://stackoverflow.com/questions/questions/44902723/spark-streaming-best-way-to-split-input-stream-based-on-filter-param", "Question": "Spark Streaming - Best way to Split Input Stream based on filter Param"},
{"URL": "https://stackoverflow.com/questions/questions/44972395/python-converting-png-jpg-image-to-best-form-for-mnist-digit-classification", "Question": "Python - Converting PNG/JPG image to best form for MNIST digit classification"},
{"URL": "https://stackoverflow.com/questions/questions/44972350/how-to-insert-checkbox-in-excel-using-openpyxl-python", "Question": "How to insert checkbox in excel using openpyxl python ?"},
{"URL": "https://stackoverflow.com/questions/questions/44972338/beautifulsoup-find-all-dont-return-xml", "Question": "BeautifulSoup find_all() don't return XML"},
{"URL": "https://stackoverflow.com/questions/questions/44972305/detect-symbols-in-text-which-are-not-embedded-in-signs", "Question": "detect symbols in text which are not embedded in $ signs"},
{"URL": "https://stackoverflow.com/questions/questions/44972291/intercepting-the-output-of-python-tensorflow-program", "Question": "Intercepting the output of python-tensorflow program"},
{"URL": "https://stackoverflow.com/questions/questions/44972256/flask-pdfkit-create-pdf-from-template-and-save-it", "Question": "Flask Pdfkit create pdf from template and save it"},
{"URL": "https://stackoverflow.com/questions/questions/44929524/azure-machine-learning-retrain-default-endpoint-from-c-sharp-code", "Question": "azure machine learning retrain default endpoint from C# code"},
{"URL": "https://stackoverflow.com/questions/questions/44929055/generate-meaningful-image-description-based-on-image-labels", "Question": "Generate meaningful image description based on image labels"},
{"URL": "https://stackoverflow.com/questions/questions/44928550/counting-multiple-instances-of-an-object-in-an-image-using-machine-learning", "Question": "Counting multiple instances of an object in an image using machine learning"},
{"URL": "https://stackoverflow.com/questions/questions/44928110/error-with-the-limits-library-visual-c", "Question": "error with the limits library visual c++"},
{"URL": "https://stackoverflow.com/questions/questions/44902172/how-to-overcome-low-loss-after-very-few-epochs-in-keras-lstm-rnn", "Question": "How to overcome low loss after very few epochs in Keras LSTM RNN?"},
{"URL": "https://stackoverflow.com/questions/questions/44901135/in-classification-how-do-you-validate-the-model-in-case-of-imbalanced-data-set", "Question": "In classification, how do you validate the model in case of imbalanced data set?"},
{"URL": "https://stackoverflow.com/questions/questions/44900549/dealing-with-text-categorical-data-in-dataset", "Question": "dealing with text categorical data in dataset"},
{"URL": "https://stackoverflow.com/questions/questions/44899523/how-to-calculate-distance-similarity-for-a-hierarchical-tensor", "Question": "How to calculate distance/similarity for a hierarchical tensor?"},
{"URL": "https://stackoverflow.com/questions/questions/44898931/algorithms-for-email-adress-prediction", "Question": "Algorithms for email adress prediction [on hold]"},
{"URL": "https://stackoverflow.com/questions/questions/44897394/count-number-of-rows-for-a-timestamp", "Question": "count number of rows for a timestamp"},
{"URL": "https://stackoverflow.com/questions/questions/44896719/using-a-tensorflow-pb-graph-as-a-keras-model", "Question": "Using a TensorFlow .pb graph as a Keras Model"},
{"URL": "https://stackoverflow.com/questions/questions/44972189/nested-loops-with-depth-parameter-in-python", "Question": "Nested loops with depth parameter in python"},
{"URL": "https://stackoverflow.com/questions/questions/44925991/categorical-classification-of-tweets", "Question": "categorical classification of tweets"},
{"URL": "https://stackoverflow.com/questions/questions/44923771/add-new-item-in-a-recommender-system", "Question": "add new item in a recommender system"},
{"URL": "https://stackoverflow.com/questions/questions/44922749/suggestion-on-speeding-up-xgboost-fitting-in-python", "Question": "Suggestion on speeding up XGBoost Fitting in Python"},
{"URL": "https://stackoverflow.com/questions/questions/44922547/influence-of-c-parameter-on-training-time-of-svm", "Question": "Influence of C parameter on training time of SVM"},
{"URL": "https://stackoverflow.com/questions/questions/44921058/cant-fit-data-to-3d-convolutional-u-net-keras", "Question": "Can't fit data to 3d convolutional U-net Keras"},
{"URL": "https://stackoverflow.com/questions/questions/44920978/how-to-make-prediction-for-a-tensor-flow-model", "Question": "How to make prediction for a tensor flow model?"},
{"URL": "https://stackoverflow.com/questions/questions/44896453/training-a-neural-network-to-compute-xor-in-scikit-learn", "Question": "Training a neural network to compute 'XOR' in scikit-learn"}
]